Empresa,Obras não-entregues,Obras entregues,Total de Obras,Taxa de Obras Não Entregues
NOROMIX CONCRETO LTDA,16,6,22,72.73
TETO CONSTRUTORA S/A,15,1,16,93.75
TPD ENGENHARIA LTDA,13,1,14,92.86
VERDEBIANCO ENGENHARIA EIRELI,10,1,11,90.91
CONSTRUTORA VIASOL LTDA - EPP,9,0,9,100
COMERCIAL E CONSTRUTORA FENIX EIRELI,8,1,9,88.89
CONCRETA PROMISSÃO  CONSTRUÇÕES LTDA,8,0,8,100
CONSTRUTORA JOIA BRASIL LTDA - EPP,8,1,9,88.89
CONSTRUTORA OLIVEIRA E ARAUJO LTDA EPP,8,0,8,100
F. MOREIRA DOS SANTOS MATERIAIS DE CONSTRUÇÃO EPP,8,0,8,100
FASUL PAVIMENTAÇÃO E CONSULTORIA LTDA,8,0,8,100
LARA CONSTRUÇÕES E EMPRENDIMENTOS IMOBILIÁRIOS LTDA - ME,8,0,8,100
CERQUEIRA TORRES CONSTRUÇÃO TERRAPLENAGEM E PAVIMENTAÇÃO EIRELI ME,7,0,7,100
IDEAL TERRAPLENAGEM LTDA.,7,0,7,100
COLETA CTMR LIMPEZA E CONSTRUÇÕES LTDA,6,4,10,60
DGB ENGENHARIA E CONSTRUÇÕES LTDA,6,1,7,85.71
ENGENIL DE NIPOÃ CONSTRUTORA LTDA,6,0,6,100
FIG INCORPORADORA E CONSTRUTORA EIRELI,6,0,6,100
K&G CONSTRUTORA GARCIA LTDA EPP,6,0,6,100
LEMAM CONSTRUÇÕES E COMÉRCIO S/A,6,0,6,100
RGM CONSTRUÇÕES E COMÉRCIO LTDA - ME,6,0,6,100
ATIVA CSW DESENVOLVIMENTO URBANO EIRELI,5,0,5,100
CJL CONSTRUTORA LTDA - EPP,5,0,5,100
CONSTRUMETA CONSTRUÇÃO CIVIL LTDA,5,1,6,83.33
CONSTRUTORA AUMARIS LTDA,5,0,5,100
CONSTRUTORA TRACTOR LTDA,5,0,5,100
COSTA LESTE CONSTRUTORA E SERVIÇOS LTDA,5,1,6,83.33
DNP TERRAPLENAGEM E PAVIMENTADORA LTDA ,5,0,5,100
EMPREITEIRA ROCHA LTDA-ME,5,0,5,100
FERA CONSTRUTORA GEOTECNIA E FUNDAÇÕES LTDA,5,0,5,100
H LOPES SERVIÇOS & CONSTRUÇÕES EIRELI EPP,5,0,5,100
JOFEGE PAVIMENTAÇÃO E CONSTRUÇÃO LTDA,5,0,5,100
KAGIMASA CONSTRUÇÕES EIRELI EPP ,5,0,5,100
OBRAGEN ENGENHARIA E CONSTRUCOES LTDA,5,3,8,62.5
RIO NOVO CONSTRUÇÕES E SOLUÇÕES URBANAS LTDA,5,0,5,100
SAN PIO CONSTRUTORA EIRELLI EPP,5,0,5,100
T N OKA TECNOLOGIA E CONSTRUÇÕES LTDA - EPP,5,0,5,100
TERRACOM CONSTRUÇÕES LTDA.,5,1,6,83.33
VSM ENGENHARIA LTDA,5,0,5,100
AAHBRANT ENGENHARIA E CONSTRUÇÕES LTDA.,4,0,4,100
ADMINISTRAÇÃO DIRETA,4,0,4,100
ALCANCE ENGENHARIA E CONSTRUÇÃO LTDA,4,0,4,100
B ESSE CONSTRUTORA EIRELI,4,0,4,100
BERTOLINI & ANDRADE CONSTRUTORA LTDA,4,0,4,100
CABRELON E SETTE CONSTRUTORA LTDA - ME,4,0,4,100
CARVALHO E GARCIA CONSTRUÇÃO EMPREENDIMENTOS LTDA. - EPP,4,1,5,80
CONSTRUBRASS CONSTRUTORA LTDA EPP,4,0,4,100
CONSTRUELO PROJETOS E CONSTRUÇÃO LTDA,4,0,4,100
DECONSTRI CONSTRUTORA LTDA. ,4,0,4,100
DOMINGOS LEAL CONSTRUTORA LTDA EPP,4,0,4,100
"EDE TERRAPLENAGEM, PAVIMENTAÇÃO, ENGENHARIA E CONSTRUÇÕES EIRELLI",4,0,4,100
ENGIVER CONSTRUTORA E PAVIMENTADORA LTDA,4,0,4,100
FORT SERVICE COMPANY & CONSTRUTORA LTDA - EPP ,4,0,4,100
GG RIBEIRÃO CONSTRUÇÕES LTDA - EPP,4,0,4,100
JP CONSTRUTORA E SERVIÇOS LTDA,4,0,4,100
M&RBR ENGENHARIA DO BRASIL LTDA,4,0,4,100
MARPRADO CONSTRUÇÃO CIVIL LTDA. ,4,0,4,100
MENDES JÚNIOR TRADING E ENGENHARIA S.A,4,0,4,100
MIRIAM BUENO TERASSI CONSTRUÇÃO ME,4,0,4,100
MONTESANTO ENGENHARIA E CONSTRUÇÕES LTDA - EPP,4,0,4,100
OBRACRI EPP LTDA,4,0,4,100
PLANA CONSTRUTORA E INCORPORADORA LTDA,4,0,4,100
PRISMA-BARRETOS ENGENHARIA E CONSTRUÇÕES LTDA,4,0,4,100
SHOP SIGNS OBRAS E SERVIÇOS LTDA ,4,0,4,100
SP ENGE CONSTRUTORA LTDA,4,0,4,100
SPALLA ENGENHARIA EIRELI,4,2,6,66.67
TUMI CONSTRUÇÕES E EMPREENDIMENTOS LTDA,4,0,4,100
ULIARTE PRÉ FABRICADO E ESTRUTURAS METÁLICAS EIRELLI – EPP,4,0,4,100
"VEDOS ARQUITETURA, CONSTRUÇÕES E EMPREENDIMENTOS LTDA.",4,1,5,80
ALFA REAL CONSTRUTORA E COMÉRCIO LTDA,3,0,3,100
ALIANÇA COMÉRCIO E SERVIÇOS EIRELI-ME,3,0,3,100
ATLÂNTICA CONSTRUÇÕES COMÉRCIO E SERRVIÇOS EIRELLI,3,0,3,100
BERNARDI EMPREENDIMENTOS E SOLUÇÕES LTDA.,3,1,4,75
BF ENGENHARIA EIRELI - EPP,3,0,3,100
BIOCYCLUS IND. E COM. DE ASFALTO EIRELLI-ME,3,0,3,100
BMC ENGENHARIA E CONSTRUÇÃO LTDA,3,0,3,100
BMM CONSTRUÇÃO CIVIL EIRELLI - EPP,3,0,3,100
BMS CONSTRUÇÕES E COMÉRCIO RIO PRETO - EIRELLI,3,0,3,100
C.M.E CAMPOS MELO ENGENHARIA LTDA EPP,3,0,3,100
CARVALHO E CARVALHO ENGENHARIA LTDA,3,0,3,100
CLIPPER CONSTRUTORA LTDA,3,0,3,100
"COMIMPA COMÉRCIO, MINERAÇÃO E PAVIMENTAÇÃO EIRELI",3,1,4,75
CONSTEL CONSTRUTORA E PAVIMENTAÇÃO EIRELI EPP,3,0,3,100
CONSTRÓI LTDA,3,0,3,100
CONSTRUTAN CONSTRUTORA LTDA,3,0,3,100
CONSTRUTORA ALVES & LOPES LTDA EPP,3,0,3,100
CONSTRUTORA AXOR LTDA EPP,3,0,3,100
CONSTRUTORA BALLIEGO & CORRÊA LTDA EPP,3,0,3,100
CONSTRUTORA BUGRE LTDA - EPP.,3,0,3,100
CONSTRUTORA CAVIANA LTDA,3,0,3,100
CONSTRUTORA LETTIERI CORDADO LTDA,3,0,3,100
CONSTRUTORA PORTAL DO VALE LTDA - EPP,3,0,3,100
CONSTRUTURA ALPHA VITÓRIA LTDA,3,0,3,100
CONTISA CONTRUÇÕES E COMÉRCIO EIRELI EPP,3,0,3,100
ECB ENGENHARIA E CONSTRUÇÕES LTDA,3,0,3,100
ELETROWAL SERVIÇOS LTDA,3,0,3,100
ELGEL ELETRICIDADE E ENGENHARIA LTDA,3,0,3,100
EMPENHO CONSTRUÇÕES S/C LTDA,3,0,3,100
EMPRESA INVESTIMENTO CAMPINAS COMERCIAL PAVIMENTADORA E CONSTRUTORA LTDA.,3,0,3,100
EMPRESA MUNICIPAL DE URBANIZAÇÃO DE PENÁPOLIS – EMURPE,3,1,4,75
ENGEDRART PROJETOS E OBRAS LTDA EPP,3,0,3,100
"ETEMP ENGENHARIA, INDÚSTRIA E COMÉRCIO LTDA",3,0,3,100
FAGUNDES & SILVA CONSTRUÇÃO COMÉRCIO E SERVIÇOS LTDA EPP,3,0,3,100
FBF CONSTRUÇÕES E SERVIÇOS EIRELI – EPP,3,0,3,100
FLASA ENGENHARIA E CONSTRUÇÕES LTDA ,3,3,6,50
FLORECON CONSTRUÇÕES E EMPREENDIMENTOS LTDA,3,0,3,100
FORTNORT DESENVOLVIMENTO AMBIENTAL E URBANO EIRELI,3,2,5,60
FRAGALLI ENGENHARIA EIRELI - EPP,3,0,3,100
GIG CONSTRUÇÕES E SERVIÇOS EIRELI,3,0,3,100
HBJ CONSTRUTORA EIRELLI,3,0,3,100
INCORPLAN ENGENHARIA LTDA.,3,0,3,100
INENGE CONSTRUTORA LTDA,3,0,3,100
J. R. CONSTRUTORA E TERRAPLANAGEM LTDA,3,0,3,100
JB CONSTRUÇÕES E EMPREENDIMENTOS EIRELI,3,1,4,75
JOTERRA PAVIMENTAÇÃO E TERRAPLENAGEM EIRELI,3,0,3,100
JULIANO DE ALMEIDA PRADO LEITE SOUZA MATERIAIS DE CONSTRUÇÃO EIRELI-ME,3,0,3,100
KM & M ENGENHARIA PROJETO E CONSTRUÇÃO LTDA - ME,3,0,3,100
M & G EMPREENDIMENTOS LTDA - EPP,3,0,3,100
MAGON CONSTRUTORA E INCORPORAÇÃO LTDA,3,0,3,100
MAQ RENTAL LOCAÇÃO DE MAQUINAS E EQUIPAMENTOS LTDA,3,0,3,100
MARIA DE LOURDES DE LIMA FELIPE-EPP,3,0,3,100
MARQUES ENGENHARIA E CONSTRUÇÃO EIRELI - EPP,3,0,3,100
MATERIAIS PARA CONSTRUÇÃO SILVA & MOURA LTDA - EPP,3,0,3,100
MATTARAIA ENGENHARIA INDÚSTRIA E COMÉRCIO LTDA,3,0,3,100
MB ENGENHARIA E CONSTRUÇÕES LTDA-EEP,3,0,3,100
MCJ FERRARO EMPREENDIMENTOS ME,3,0,3,100
MCN CONSTRUTORA ADMINISTRAÇÃO E INCORPORAÇÃO DE IMÓVEIS LTDA.,3,0,3,100
MIL & SETE CONSTRUTORA LTDA,3,0,3,100
NEEC CONSTRUTORA LTDA,3,0,3,100
NEIMER WILSON MINUTTI ELETRICA ,3,0,3,100
NEW CONSTRUTORA LTDA-ME,3,0,3,100
NOROESTE CONSTRUTUORA E SERVIÇOS DE TOPOGRAFIA LTDA,3,0,3,100
NOVA ESTRADAS E CONSTRUÇÕES LTDA,3,0,3,100
NPM COMÉRCIO DE MAT. DE CONSTRUÇÃO LTDA EPP,3,0,3,100
ÔNIX CONSTRUÇÕES S/A,3,0,3,100
PILÃO ENGENHARIA E CONSTRUÇÕES LTDA,3,0,3,100
PS ENGENHARIA CONSTRUÇÃO E COMÉRCIO LTDA,3,0,3,100
RANCHO DA COLINA PAVIMENTADORA LTDA ME,3,0,3,100
SANEX SOLUÇÕES EIRELI,3,0,3,100
SANTOS & VENTUROLI CONSTRUTORA LTDA. - EPP,3,0,3,100
SANTOS ALMEIDA ENGENHARIA E CONSTRUTORA EIRELI,3,0,3,100
TECLA CONSTRUÇÕES LTDA,3,0,3,100
THR CONSTRUÇÃO E INFRA-ESTRUTURA LTDA ME ,3,0,3,100
TUCANOS TERRAPLANAGEM E CONSTRUÇÕES LTDA,3,1,4,75
VANGUARDA CONSTRUÇÕES E SERVIÇOS DE CONSERVAÇÃO VIÁRIA,3,0,3,100
VERSÁTIL ENGENHARIA LTDA,3,0,3,100
VERTSA CONSTRUÇÕES LTDA,3,0,3,100
VICI CONSTRUTORA LTDA,3,0,3,100
VIGA PARTICIPAÇÕES E ENGENHARIA LTDA,3,0,3,100
VIGENTE CONSTRUÇOES EIRELI,3,1,4,75
VILLANOVA ENGENHARIA E DESENVOLVIMENTO S/A,3,0,3,100
 CONSTRUTORA CVS S/A ,2,0,2,100
A OBRA - CONSTRUÇÕES E REFORMAS LTDA,2,0,2,100
A. Z. BERTOLASSI ENGENHARIA-ME,2,0,2,100
A3 TERRAPLANAGEM E ENGENHARIA LTDA,2,1,3,66.67
ACCIONA CONSTRUCCIÓN S.A,2,0,2,100
ALFER CONSTRUÇÕES EIRELI - EPP,2,0,2,100
AN ENGENHARIA E CONSTRUÇÕES LTDA.,2,0,2,100
ARQPLAN CONSTRUTORA E ENGENHARIA LTDA,2,0,2,100
BASEPLAN CONSTRUTORA LTDA EPP,2,0,2,100
BETONETEC ENGENHARIA E CONSTRUÇÕES LTDA,2,0,2,100
BRAULINO JOSE BOMFIM-ME,2,0,2,100
BSA COMERCIO E SERVIÇOS LTDA EPP,2,0,2,100
C&G CONSTRUTORA E ENGENHARIA LTDA - ME,2,0,2,100
CAROL CONSTRUTORA LTDA. - EPP,2,0,2,100
CDB CONSTRUTORA EIRELI ME,2,0,2,100
CÉU AZUL TERRAPLANAGEM E PAVIMENTADORA LTDA,2,0,2,100
CIMA ENGENHARIA E EMPREENDIMENTOS LTDA.,2,0,2,100
CONAJ EMPREENDIMENTOS E CONSTRUÇÕES LTDA,2,0,2,100
CONSFRAN ENGENHARIA E COMÉRCIO LTDA,2,0,2,100
CONSÓRCIO ABB-SPA ENERGIA,2,0,2,100
"CONSÓRCIO CETENCO - ACCIONA - FERREIRA -  (CETENCO ENGENHARIA S.A, ACCIONA INFRAESTRUCTURAS S.A E CONSTRUTORA FERREIRA GUEDES S.A)",2,0,2,100
CONSÓRCIO TIDP LINHA 17 - OURO ,2,0,2,100
CONSTRINVEST CONSTRUTORA E COMÉRCIO LTDA,2,0,2,100
CONSTROESTE CONSTRUTORA E PARTICIPAÇÕES LTDA,2,0,2,100
CONSTRUDAHER CONSTRUÇÕES E SERVIÇOS LTDA,2,0,2,100
CONSTRULARA CONSTRUTORA E EMPREENDIMENTOS IMOBLIARIOS LTDA.,2,0,2,100
CONSTRUMAJO COMERCIO E CONSTRUTORA LTDA ME,2,0,2,100
CONSTRUTORA & INCORPORADORA ZANINI SJCAMPOS LTDA.,2,0,2,100
CONSTRUTORA ALCÂNTARA CAVALCANTI & RESENDE LTDA - ME,2,0,2,100
CONSTRUTORA AMARO E EMPREENDIMENTOS LTDA,2,0,2,100
CONSTRUTORA ANDRADE E SOUZA EIRELI - EPP,2,0,2,100
CONSTRUTORA AZEVEDO COMERCIO E SERVIÇOS - ME,2,0,2,100
CONSTRUTORA BERTONI & BONIFÁCIO LTDA - ME,2,0,2,100
CONSTRUTORA BMS LTDA,2,0,2,100
CONSTRUTORA CAMARGO FLUETI LTDA,2,0,2,100
CONSTRUTORA CLARK LTDA,2,0,2,100
CONSTRUTORA CONCIL CAJOBO LTDA - EPP,2,0,2,100
CONSTRUTORA DELAFFS EIRELI,2,0,2,100
CONSTRUTORA FACCIA LTDA - ME,2,0,2,100
CONSTRUTORA FERRAZ,2,0,2,100
CONSTRUTORA FRANCO BUENO EIRELI - ME,2,0,2,100
CONSTRUTORA GENIAL LTDA - ME,2,0,2,100
CONSTRUTORA GUI PEREIRA LTDA,2,0,2,100
CONSTRUTORA HUDSON LTDA,2,0,2,100
CONSTRUTORA JR TORRES LTDA,2,0,2,100
CONSTRUTORA MOLINA JOSÉ BONIFÁCIO LTDA - EPP,2,1,3,66.67
CONSTRUTORA OAS S/A.,2,0,2,100
CONSTRUTORA QUEIROZ GALVÃO S/A,2,0,2,100
CONSTRUTORA ROTOLI LTDA EPP,2,1,3,66.67
CONSTRUTORA SOUZA ARAUJO LTDA,2,0,2,100
CONSTRUTORA TERRUEL LTDA EPP,2,0,2,100
COPEL CONSTRUÇÕES INDUSTRIA E COMERCIO LTDA,2,0,2,100
COSTA & COSTA CONSTRUÇÃO E MANUTENÇÃO EIRELI,2,0,2,100
CRISACON CONSTRUTORA LTDA - EPP,2,0,2,100
DÉBORA DA N. CARDOSO E CIA LTDA - EPP,2,0,2,100
DIAS & SANTOS CONSTRUÇÃO LTDA.,2,0,2,100
DRR CONSTRUÇÕES E COMÉRCIO LTDA,2,1,3,66.67
ECOPONTES - SISTEMAS ESTRUTURAIS SUSTENTÁVEIS,2,0,2,100
EEC ENGENHARIA E CONSTRUÇÕES LTDA,2,0,2,100
ELCABRÁS METALURGICA EIRELI EPP,2,0,2,100
ELETRO NAVVES LTDA ME ,2,0,2,100
EMR CONSTRUTORA EIRELI ME,2,1,3,66.67
ENGENHARIA E COMERCIO BANDEIRANTES LTDA,2,2,4,50
ENGEOESP ENGENHARIA E PLANEJAMENTO EIRELLI-ME,2,0,2,100
ENGETAL ENGENHARIA E CONSTRUÇÕES LTDA.,2,0,2,100
"ERA TÉCNICA ENGENHARIA, CONSTRUÇÕES E SERVIÇOS LTDA",2,0,2,100
ETC EMPREENDIMENTOS E TECNOLOGIA EM CONSTRUÇÕES LTDA.,2,0,2,100
EXM CONSTRUTORA E INCORPORADORA LTDA EPP,2,0,2,100
FABECON ENGENHARIA E CONSTRUÇÃO CIVIL LTDA.,2,2,4,50
FACCHIN CONSTRUÇÕES LTDA,2,0,2,100
FLAMA EMPREENDIMENTOS LTDA - ME,2,0,2,100
FORTPAV PAVIMENTAÇÃO E SERVIÇOS LTDA,2,4,6,33.33
GUSTAVO DINIZ GUERRA SERVIÇOS DE CONSTRUÇÃO CIVIL E TERRAPLANAGEM EIRELI - EPP,2,0,2,100
GV GROUP PRODUTOS ESPORTIVOS SA,2,0,2,100
HAVAX – CONSTRUTORA E SERVIÇOS LTDA,2,0,2,100
HCON ENGENHARIA LTDA,2,0,2,100
HEBROM CONSTRUTORA 7 LTDA ME,2,0,2,100
HELENO&FONSECA CONSTRUTÉCNICA S/A,2,0,2,100
HEMISFÉRIO CONSTRUÇÕES EIRELI - EPP,2,0,2,100
I.F CRUZ CONSTRUÇÕES LTDA EPP,2,0,2,100
IMPREJ ENGENHARIA LTDA,2,0,2,100
INCRETE PISOS E CONSTRUÇÕES LTDA-ME,2,1,3,66.67
INTERIOR CONSTRUÇÕES LTDA EPP,2,1,3,66.67
ISO CONSTRUÇÕES E INCORPORAÇÕES LTDA,2,0,2,100
J.NASSIF ENGENHARIA LTDA.,2,0,2,100
JACARANDÁ CONSTRUÇÃO CIVIL LTDA,2,0,2,100
"JG INSTALAÇÕES, EMPREENDIMENTOS E MONTAGENS INDUSTRIAIS LTDA.",2,0,2,100
JOSAN COMÉRCIO E CONSTRUÇÕES EIRELI – ME,2,0,2,100
JR SANTA FÉ PAVIMENTAÇÃO E CONSTRUÇÕES EIRELI,2,0,2,100
JUST ENGENHARIA LTDA,2,1,3,66.67
K PAVIMENTAÇÃO E ARTEFATOS DE CONCRETO LTDA. ME,2,0,2,100
KACEL KARAM CURI ENGENHARIA LTDA,2,0,2,100
KADORA PRESTADORA DE SERVIÇOS EIRELI,2,0,2,100
L&T EMPREENDIMENTOS E CONSTRUÇÕES LTDA EPP,2,0,2,100
LACERDA&LACERDA ENGENHARIA LTDA -ME,2,0,2,100
LMR BULGARELLI CONSTRUÇÕES ,2,0,2,100
LMR EMPRRENDIMENTOS EIRELLE - EPP,2,0,2,100
LOCAMAQ LOCAÇÃO DE EQUIPAMENTOS E CONSTRUÇÃO CIVIL LTDA EPP,2,0,2,100
M.R. COMERCIAL & LOGISTICA LTDA ,2,0,2,100
MACOR ENGENHARIA CONSTRUÇÕES E COMÉRCIO LTDA,2,0,2,100
MAF CONSTRUTORA EIRELI ,2,0,2,100
MAHAL SERVIÇOS EM CONSTRUÇÃO CIVIL EIRELI- EPP,2,0,2,100
MAJ CONSTRUTORA LTDA EPP,2,0,2,100
MARQUEZIN CONSTRUÇÕES E ESTRUTURAS METÁLICAS LTDA – EPP,2,0,2,100
MBG ENGENHARIA E CONSTRUÇÃO E COMÉRCIO LTDA,2,2,4,50
MCM- MATIAS CONSTRUÇÕES DE MARILIA LTDA -ME,2,0,2,100
MELHOR FORMA CONSTRUTORA LTDA,2,0,2,100
MF CONSTRUÇOES OURINHOS LTDA - EPP,2,0,2,100
MFL CONSTRUTORA LTDA ME,2,0,2,100
MGI CONSTRUTORA E ENGENHARIA LTDA EPP,2,0,2,100
ML SANCHEZ DA SILVA CONSTRUÇÕES ME,2,0,2,100
MONTEIRO ENGENHARIA E ARQUITETURA LTDA.,2,0,2,100
MOSTASSO E ALVAREZ CONSTRUÇÕES LTDA - EPP,2,0,2,100
MS 7 CONSTRUTORA EIRELLI EPP,2,0,2,100
MUNDIAL ENGENHARIA SANTA FE LTDA – EPP,2,1,3,66.67
NEGRÃO & NEGRÃO CONSTRTURA LTDA EPP ,2,0,2,100
NILSON SEBASTIÃO NOGUEIRA FABRICIO - ME,2,0,2,100
ODAIR GERALDO NEGRÃO - ME,2,0,2,100
PANOBRA ENGENHARIA E COMÉRCIO LTDA,2,0,2,100
PANTEON ENGENHARIA COMERCIO E CONSTRUCOES LTDA ,2,0,2,100
PARAMETRO SANEAMENTO E CONSTRUÇÕES LTDA,2,0,2,100
PAVIDEZ ENGENHARIA LTDA,2,3,5,40
PEDREIROS PAVIMENTAÇÃO E CONSTRUÇÃO LTDA – EPP,2,0,2,100
PENASCAL ENGENHARIA E CONSTRUÇÃO LTDA,2,0,2,100
"PEREIRA GOMES - ENGENHARIA, CONSTRUÇÕES E COMERCIO ",2,0,2,100
PLAW CONSTRUÇÕES E LOCAÇÃO DE EQUIPAMENTOS LTDA EPP,2,0,2,100
POIATE & MONTOSA LTDA EPP,2,0,2,100
PROJETTAR ENGENHARIA E MANUTENÇÃO EIRELI - ME,2,0,2,100
PRUMO ENGENHARIA LTDA,2,0,2,100
R&A ENGENHARIA ,2,0,2,100
RECOMA CONSTRUÇÕES COMÉRCIO E INDÚSTRIA LTDA,2,1,3,66.67
RHS CONTROLS - RECURSOS HÍDRICOS E SANEAMENTO LTDA - EPP,2,0,2,100
RINCOL CONSTRUÇÕES & INCORPORAÇÕES LTDA. EPP,2,0,2,100
ROBSON VANDER CHILIANO PAES SERVIÇOS ME,2,0,2,100
ROCCA CONSTRUÇÕES E EMPREENDIMENTOS,2,0,2,100
ROSS LOCAÇÃO E CONSTRUÇÃO EIRELI,2,0,2,100
RURAL CONSTRUÇÃO CIVIL LTDA EPP,2,0,2,100
S.L.T. ENGENHARIA E CONSTRUÇÕES LTDA.,2,0,2,100
SANGRA DÁGUA AMBIENTAL,2,0,2,100
SERRACON CONSTRUÇÕES LTDA-ME,2,0,2,100
SERVENG CIVILSAN S/A EMPRESAS ASSOCIADAS DE ENGENHARIA,2,0,2,100
SIAL CONSTRUÇÕES CIVIS LTDA,2,0,2,100
SIMETRICA ENGENHARIA LTDA,2,1,3,66.67
SITRAN SINALIZAÇÃO DE TRANSITO INDUSTRIAL LTDA,2,0,2,100
SOEBE CONSTRUÇÃO E PAVIMENTAÇÃO LTDA,2,0,2,100
SOLIDA PAVIMENTAÇÃO E TERRAPLANAGEM LTDA,2,0,2,100
SOROBASE ENGENHARIA E CONSTRUÇÃO LTDA,2,0,2,100
SOUZA PEDRO ENGENHARIA E CONSTRUÇÕES LTDA.,2,0,2,100
SS SERVIÇOS DE PERFURAÇÕES DIRECIONAIS EIRELI-EPP,2,0,2,100
STAVIAS STANOSKI TERRAPLENAGEM PAVIMENTAÇÃO OBRAS LTDA,2,0,2,100
STOCCO & ZIMMERMANN LTDA,2,0,2,100
SULPAV TERRAPLANAGEM E CONSTRUÇÕES LTDA,2,0,2,100
TARGET SERVIÇOS ELÉTRICOS ESPECIALIZADOS LTDA. EPP,2,0,2,100
TECNOBRASIL CONSTRUÇÕES E MULTISERVIÇOS LTDA - ME,2,0,2,100
TECPER FUNDAÇÕES E GEOTECNIA EIRELI,2,0,2,100
TECTOM SERVIÇOS COMÉRCIO IMPORTAÇÃO E EXPORTAÇÃO EIRELLI - EPP,2,0,2,100
"TERMAQ - TERRAPLENAGEM, CONSTRUÇÃO CIVIL E ESCAVAÇÕES LTDA",2,0,2,100
TERRAPLENAGEM E PAVIMENTAÇÃO RANCHO DA COLINA LTDA. ME ,2,0,2,100
TESLA ENGENHARIA LTDA,2,0,2,100
THYSSENKRUPP ELEVADORES S/A,2,0,2,100
TORR CONSTRUTORA E PAVIMENTADORA LTDA EPP,2,0,2,100
TORRE FORTE CONSTRUTORA E PAVIMENTAÇÃO LTDA - EPP,2,0,2,100
TOWER ENGENHARIA E CONSTRUÇÃO LTDA EPP ,2,0,2,100
TRACON COMERCIO E CONSTRUÇÕES LTDA,2,0,2,100
TRAIL INFRAESTRUTURA EIRELI ,2,0,2,100
UNICON OBRAS E INSTALAÇÕES LTDA - EPP,2,0,2,100
V G AÇOS COMERCIO DE MATERIAIS PARA CONSTRUÇÃO LTDA,2,0,2,100
VENUS ENGENHARIA E CONSTRUTORA LTDA,2,0,2,100
VIABRÁS ENGENHARIA LTDA EPP,2,0,2,100
W.BR SERVIÇOS DE ENGENHARIA LTDA,2,0,2,100
WASHINGTON TIMOTEO DE LIMA - ME,2,0,2,100
 2N ENGENHARIA LTDA. ,1,0,1,100
 CONSTRUTORA ADM LTDA-EPP,1,0,1,100
 PILLAR CONSTRUTORA LTDA,1,0,1,100
A EMPRESA DESISTIU DA OBRA,1,0,1,100
A.R. GALZONI ENGENHARIA E CONSTRUÇÕES LTDA EPP,1,0,1,100
AB CONSTRUÇÕES LTDA EPP,1,0,1,100
ABANDONO DA OBRA PELA CONTRADA,1,0,1,100
ACESSO SOLUÇÕES INDUSTRIAIS LTDA ME,1,0,1,100
ACM CONSTRUÇÃO E MONTAGENS INDUSTRIAIS EIRELI ME,1,0,1,100
ACQUA TECNOLOGIA DA ÁGUA EIRELLI-EPP,1,1,2,50
ADAMI & MARQUES LTDA,1,1,2,50
AGUA NOSSA POÇOS ARTESIANOS LTDA,1,0,1,100
ALESSANDRA FONSCECA PEREIRA - ME,1,0,1,100
ALFINI PLANEJAMENTO E CONSTRUÇÃO LTDA,1,0,1,100
ALFINI URBANISMO E CONSTRUTORA LTDA,1,0,1,100
ALL TRUST SERVIÇOS E CONSTRUTORA LTDA-EPP,1,0,1,100
ALMEIDA SAPARA ENG. E CONSTR. LTDA,1,0,1,100
"ALPHA CONSTRUTORA, COMÉRCIO E PROJETOS LTDA-EPP",1,0,1,100
ALSTOM BRASIL ENERGIA E TRANSPORTE LTDA,1,0,1,100
AMPLITUDE ENGENHARIA E CONSTRUÇÕES EIRELI LTDA,1,0,1,100
ANTONIO BARBOSA PERUGINI,1,0,1,100
ANTÔNIO LUIZ BARROSO ME,1,0,1,100
ANTÔNIO MARCOS PEREIRA BERGAMI ME,1,0,1,100
ARARAUNA CONSTRUÇÕES E ENGENHARIA LTDA - ME,1,0,1,100
ARCAN CONSTRUTORA EIRELLI EPP,1,0,1,100
ARLETE APARECIDA CANIATO ARAÚJO - ME,1,0,1,100
ARUA CONSTRUÇÃO E PAVIMENTAÇÃO LTDA EPP,1,0,1,100
ASUS CONSTRUTORA E SERVIÇOS LTDA - ME,1,0,1,100
"ATRYANS ARQUITETURA, RESTAURO E CONSTRUÇÃO  LTDA ME",1,0,1,100
AUGE ENGENHARIA E CONSTRUÇÕES LTDA - EPP,1,0,1,100
AUGUSTO VELLOSO ENGENHARIA S/A,1,0,1,100
AVL SOUTH AMERICA,1,0,1,100
AZEC ENGENHARIA E CONSTRUCOES EIRELI - EPP,1,0,1,100
B2X BRASIL EMPREENDIMENTOS LTDA,1,0,1,100
BANISKA CONSTRUTORA EIRELI - EPP ,1,0,1,100
BARIONI PROJETOS E CONSTRUÇÕES LTDA,1,0,1,100
BARUQUE REFORMAS E MANUTENÇÃO LTDA-ME,1,0,1,100
BASS ELEVADORES LTDA.,1,0,1,100
BEKAELY EMPREENDIMENTOS E COMÉRCIO LTDA - ME,1,0,1,100
BEKAELY EMPREENDIMENTOS E COMERCIO LTDA -ME E MARIA ROBERTA DE SOUZA FERREIRA -EPP,1,0,1,100
BENDITO DA SILVA CONSTRUÇÃO - ME,1,0,1,100
BERGAMIN SINALIZAÇÃO VIÁRIA LTDA EPP,1,0,1,100
BERTOLINI ENGENHARIA LTDA,1,0,1,100
BESERRA DA SILVA CONSTRUTORA - ME,1,0,1,100
BETON ENGENHARIA EIRELI,1,0,1,100
BETON ENGENHARIA EIRELI - EPP,1,0,1,100
BFA MULTIEMPRESA LTDA.,1,0,1,100
BGL CONSTRUTORA EIRELI EPP,1,0,1,100
BIAZOTTI CONSTRUÇÕES E COMERCIO LTDA,1,0,1,100
BLOCO ENGENHARIA CONSTRUÇÕES LTDA ME,1,0,1,100
BOMBARDIER CONSORTIUM,1,0,1,100
BRAMER CONSTRUTORA E PAISAGISMO EIRELI EPP,1,1,2,50
BRAULINO JOSÉ BONFIM -ME,1,0,1,100
BRAZOLOTO E SANTOS CONSTRUÇÕES LTDA.,1,0,1,100
BRAZZALE & FILHOS LTDA – EPP,1,0,1,100
BRUNA MARCHETTI DE MORAES ME,1,0,1,100
BRUNO COVRE DIAS MARTINES & CIA. LTDA.,1,0,1,100
C & F EMPREENDIMENTOS ELÉTRICOS TELEFÔNICOS E SERVIÇOS LTDA – EPP,1,0,1,100
C $ K CONSTRUÇÕES LTDA EPP,1,0,1,100
C DIAS EPP,1,0,1,100
C.S. CONSTRUSIL EMPREENDIMENTOS E CONSTRUÇÕES LTDA.,1,0,1,100
C&M CONSTRUTORA UCHOA LTDA ME,1,0,1,100
CÁCERES E CIA LTDA,1,0,1,100
CAGICON CONSTRUTORA E INCORPORADORA LTDA-EPP,1,0,1,100
CAMARA E GRIFFO ENGENHARIA E CONSTRUCOES LTDA ,1,0,1,100
CAMARGO CAMPOS S/A ENGENHARIA E COMERCIO,1,0,1,100
CAMILA CONSTRUTORA LTDA,1,0,1,100
CARLA ESTEFÂNIA SABADINI CONSTRUTORA,1,0,1,100
CARLOS MATHIAS ENGENHARIA - EIRELI - ME,1,0,1,100
CARLOS PEREIRA ARAÚJO CONSTRUÇÃO ME,1,0,1,100
CARLOS RICHARD FERREIRA QUEIROZ - ME,1,0,1,100
CARLOS RICHARD FERREIRA QUEIROZ (3),1,0,1,100
"CARMO FERREIRA CONSTRUÇÕES, ENGENHARIA E COMÉRCIO LTDA",1,0,1,100
CASAGRANDE SERVIÇOS E CONSTRUÇÕES LTDA,1,0,1,100
CBN CONSTRUTORA LTDA,1,0,1,100
CC DA SILVA CONSTRUÇÕES - ME ,1,0,1,100
CCONSTRUPAV CONSTRUTORA TERRAPLENAGEM PAVIMENTAÇÃO LTDA,1,0,1,100
CDG CONSTRUTORA EIRELI,1,0,1,100
CEDRO CONSTRUTORA E INCORPORADORA LTDA. ,1,0,1,100
CELENGE CONSTRUÇÕES LTDA. EPP,1,0,1,100
CÉLIA REGINA NUNES CHERSONI EIRELI EPP,1,0,1,100
CEM DEZ CONSTRUÇÕES LTDA – EPP,1,1,2,50
CEP CONSTRUÇÕES E PROJETOS LTDA - EPP,1,0,1,100
CG CONSTRUÇÕES LTDA.,1,0,1,100
CG ENGENHARIA E CONSTRUTORA LTDA.,1,0,1,100
CHG CONSTRUCOES LTDA EPP,1,0,1,100
CHRISTIANO THOMAZ AGUIAR,1,0,1,100
CICERO FRANCISCO DOS SANTOS - CONSTRUÇÃO - ME,1,0,1,100
CLAUDINEI ALVES RIBEIRO ME,1,0,1,100
CLAUDIO SALOMÃO DOS SANTOS 78347602891 ME,1,0,1,100
CLEVERSON PINHEIRO 32685747850,1,0,1,100
COCHITO & FAVERI LTDA EPP,1,0,1,100
CODAL ENGENHARIA LTDA,1,0,1,100
COLMEIA CONSTRUÇÃO E SERVIÇOS LTDA,1,0,1,100
COM ENGENHARIA E COMÉRCIO LTDA,1,0,1,100
COMERCIAL & CONSTRUTORA GALVÃO LTDA,1,1,2,50
COMETA SANEAMENTO E TERRAPLENAGEM LTDA,1,0,1,100
COMPANHIA DE DESENVOLVIMENTO DE GUARATINGUETÁ - CODESG,1,0,1,100
COMPEC GALASSO ENGENHARIA E CONSTRUÇÕES LTDA.,1,0,1,100
COMPLEXA CONSTRUÇÕES LTDA,1,0,1,100
CONCERGI CONSTRUÇÃO MÁQUINAS E SERVIÇOS ,1,0,1,100
CONCESSIONÁRIA MOVE SÃO PAULO S/A,1,0,1,100
CONCREJATO SERVICOS TECNICOS DE ENGENHARIA S/A,1,0,1,100
CONCREVALE INDUSTRIA E COMERCIO LTDA,1,0,1,100
CONEL PROJETOS E OBRAS LTDA ME,1,0,1,100
CONFRAN ENGENHARIA LTDA,1,0,1,100
CONSFAB CONSTRUÇÕES E SERVIÇOS LTDA,1,0,1,100
CONSFAB ENGENHARIA E TERRAPLANAGEM EIRELLI EPP,1,0,1,100
CONSITEC ENGENHARIA E TECNOLOGIA LTDA,1,0,1,100
CONSÓRCIO ADTRANZ -TSEA - LINHA 13 JADE,1,0,1,100
CONSÓRCIO ADUTORA SERRA DO MAR - CASM,1,0,1,100
CONSÓRCIO ALBERTO COUTO ALVES/ GV PRODUTOS ESPORTIVOS,1,0,1,100
CONSÓRCIO AUTOMAÇÃO,1,0,1,100
CONSÓRCIO CCIN-CCCC,1,0,1,100
CONSÓRCIO CONSTRAN - EIT - ROCHDALE,1,0,1,100
CONSÓRCIO CONSTRUCAP - COPASA (RODOANEL NORTE),1,0,1,100
"CONSÓRCIO CR ALMEIDA - GHELLA - CONSBEM -  (CR ALMEIDA S.A ENGENHARIA DE OBRAS, GHELLA S.P.A DO BRASIL, E CONSBEM CONSTRUÇÕES E COMÉRCIO LTDA)",1,0,1,100
CONSÓRCIO CR PEDREIRA ,1,0,1,100
CONSÓRCIO CTA,1,0,1,100
CONSÓRCIO DGB SOUZA COMPEC,1,0,1,100
Consórcio Diadema F,1,0,1,100
CONSÓRCIO DIAMANTE,1,0,1,100
CONSORCIO ENGIL / AUGUSTO VELOSO,1,0,1,100
CONSÓRCIO ESSENCIAL,1,0,1,100
CONSÓRCIO EXPRESSO MONOTRILHO LESTE - CEML,1,0,1,100
CONSÓRCIO FBS/SOEBE/HIDROSTUDIO,1,0,1,100
CONSORCIO FLUID BRASIL SISTEMAS E TECNOLOGIA LTDA / CONSTRUTORA EDIZA INCORPORAÇÃO E COMÉRCIO LTDA. EPP,1,0,1,100
CONSÓRCIO FM RODRIGUES / CITELUZ - RIBEIRÃO PRETO,1,0,1,100
CONSÓRCIO GPO & COMSA DO BRASIL,1,0,1,100
CONSÓRCIO HIDROVIA TIETÊ-PARANÁ - CHTP (QUEIROZ GALVÃO E CETENCO),1,0,1,100
CONSÓRCIO LINHA 17 - OURO,1,0,1,100
CONSÓRCIO LINHA 2 VERDE - VILA PRUDENTE – DUTRA (GALVÃO ENGENHARIA S.A; S.A PAULISTA DE CONSTRUÇÕES E COMÉRCIO; E SOMAGUE ENGENHARIA S.A DO BRASIL),1,0,1,100
CONSÓRCIO MENDES JUNIOR - ISOLUX CORSAN,1,0,1,100
CONSÓRCIO MONOTRILHO INTEGRAÇÃO - CMI,1,0,1,100
CONSÓRCIO MPE INFO - L2,1,0,1,100
CONSÓRCIO OPERAÇÃO CBTC,1,0,1,100
CONSÓRCIO RIBEIRÃO DOS COUROS (OAS/EMPARSANCO S/A).,1,0,1,100
Consórcio Scopus - Souza Compec,1,0,1,100
CONSÓRCIO SNEF ISOLUX LINHA 15,1,0,1,100
CONSÓRCIO STER & ETC,1,0,1,100
CONSÓRCIO SUPER SET I ,1,0,1,100
CONSORCIO SUPER SET II,1,0,1,100
"CONSÓRCIO TC - LINHA 4 AMARELA, CONSTITUÍDO PELAS EMPRESAS TIISA - INFRAESTRUTURA E INVESTIMENTOS S.A (LÍDER) E COMSA S.A.",1,0,1,100
CONSÓRCIO TELSEB-KAPSCH I,1,0,1,100
CONSÓRCIO TELSEB-KAPSCH-ALBATROS,1,0,1,100
CONSÓRCIO TIISA-MPE,1,0,1,100
CONSÓRCIO TRAÇÃO MONORAIL LINHA VERDE,1,0,1,100
CONSORCIO TSEA - FERREIRA GUEDES-ADTRANZ (LINHA 17),1,0,1,100
CONSÓRCIO TUPÃ AMBIENTAL - CTA,1,0,1,100
CONSÓRCIO TURQUESA,1,0,1,100
CONSÓRCIO VERDEBIANCO E WVG,1,0,1,100
CONSÓRCIO VIA AMARELA II,1,0,1,100
CONSPLENA CONSTRUÇÕES E SERVIÇOS LTDA. ,1,0,1,100
CONSTRU J CONSTRUÇÃO CIVIL LTDA - EPP,1,0,1,100
CONSTRUART CONSTRUTORA E INCORPORADORA LTDA,1,0,1,100
CONSTRUÇÕES E INCORPORAÇÕES CEI - LTDA,1,0,1,100
CONSTRUCOM ENGENHARIA E CONSTRUÇÃO LTDA,1,0,1,100
CONSTRUELO PROJETOS E CONTRUÇÕES LTDA,1,0,1,100
CONSTRUGUERRA LTDA EPP,1,0,1,100
CONSTRUMAT COLINA ENGENHARIA E COMERCIO LTDA,1,0,1,100
CONSTRUMAX  CONSTRUÇÕES E EMPREENDIMENTOS LTDA-EPP,1,0,1,100
CONSTRUMELO MATERIAIS PARA CONSTRUÇÃO LTDA,1,0,1,100
CONSTRURORA AQUARIUS LTDA,1,0,1,100
CONSTRUTEC SR LTDA,1,0,1,100
"CONSTRUTORA  NAC  FERRARI  EIRELI – EPP, ",1,0,1,100
CONSTRUTORA ALLAN LTDA-ME,1,0,1,100
CONSTRUTORA BRASÍLIA GUAÍBA S/A,1,0,1,100
CONSTRUTORA CALIFÓRNIA OSVALDO CRUZ LTDA,1,0,1,100
CONSTRUTORA CAPPELLANO LTDA.,1,0,1,100
CONSTRUTORA CARYMA LTDA,1,0,1,100
CONSTRUTORA CASA ALTA LTDA.,1,0,1,100
CONSTRUTORA CHAIA LTDA.,1,0,1,100
CONSTRUTORA CHEMAR LTDA,1,0,1,100
CONSTRUTORA CIDADE VERDE LTDA.,1,0,1,100
CONSTRUTORA COSTA & COSTA ,1,0,1,100
CONSTRUTORA COTENG LTDA- ME,1,0,1,100
CONSTRUTORA CRONACON LTDA.,1,0,1,100
CONSTRUTORA DEVINI LTDA,1,0,1,100
CONSTRUTORA DIAMANTINA LTDA. EPP,1,0,1,100
CONSTRUTORA E INCORPORADORA BEIRA MAR LTDA.,1,0,1,100
CONSTRUTORA E INCORPORADORA PCON LTDA  EPP,1,0,1,100
CONSTRUTORA E INCORPORADORA ZANINI SJCAMPOS LTDA,1,0,1,100
CONSTRUTORA EDIZA INCORPORAÇÃO E COMÉRCIO LTDA,1,0,1,100
CONSTRUTORA EIRELLI - ME,1,0,1,100
CONSTRUTORA ELLO FORTE RIBEIRÃO PRETO EIRELI - EPP,1,0,1,100
CONSTRUTORA EMA DO VALE EIRELLI,1,0,1,100
CONSTRUTORA ESTRUTURAL,1,0,1,100
CONSTRUTORA GEOTECNIA E FUNDAÇÕES LTDA,1,0,1,100
CONSTRUTORA GREGAL LTDA,1,0,1,100
CONSTRUTORA GUIMARÃES CARVALHO,1,0,1,100
CONSTRUTORA HGB LTDA - ME,1,2,3,33.33
CONSTRUTORA HOLANDA LTDA  ME,1,0,1,100
CONSTRUTORA J.G. LTDA ME,1,1,2,50
CONSTRUTORA JOLI LTDA-ME ,1,0,1,100
CONSTRUTORA JOSECON LTDA,1,0,1,100
CONSTRUTORA JULIO & JULIO LTDA,1,1,2,50
CONSTRUTORA KAIRÓS CONSTRUÇÕES  E EMPREENDIMENTOS FERNANDÓPOLIS LTDA,1,0,1,100
CONSTRUTORA LJA LTDA,1,0,1,100
CONSTRUTORA LUCFEL LDTA - ME,1,0,1,100
CONSTRUTORA MACEDO E RIBEIRO LTDA - ME,1,0,1,100
CONSTRUTORA MAEDA EIRELLI - ME,1,0,1,100
CONSTRUTORA MAFRA LTDA - EPP,1,0,1,100
CONSTRUTORA MARTSERV EIRELI ME,1,0,1,100
CONSTRUTORA MB PAULISTA LTDA,1,0,1,100
CONSTRUTORA MECA LTDA – EPP,1,0,1,100
CONSTRUTORA MEDABEAM LTDA ME,1,0,1,100
CONSTRUTORA MIRANDA & ALVES LTDA.-ME.,1,0,1,100
CONSTRUTORA MISORELLI PALMIERI LTDA,1,0,1,100
CONSTRUTORA MLX LTDA EPP,1,0,1,100
CONSTRUTORA MONT VALE EIRELI ME,1,0,1,100
CONSTRUTORA MORADA DO SOL LTDA. ME,1,0,1,100
CONSTRUTORA NORBEX LTDA EPP,1,0,1,100
CONSTRUTORA PAIVA NOGUEIRA LTDA,1,0,1,100
CONSTRUTORA PASSARELLI LTDA,1,0,1,100
CONSTRUTORA PLANALTINA LTDA - EPP,1,0,1,100
CONSTRUTORA RIBEIRANIA EIRELI - EPP,1,0,1,100
CONSTRUTORA ROY LTDA.,1,0,1,100
CONSTRUTORA SALLES & SANTOS LTDA ME,1,0,1,100
CONSTRUTORA SANDIN LTDA. ,1,0,1,100
CONSTRUTORA SIMOSO LTDA,1,0,1,100
CONSTRUTORA TRAPÉZIO FERNANDÓPLIS EIRELI,1,0,1,100
CONSTRUTORA VIASOL LTDA,1,0,1,100
CONTRATO RESCINDIDO EM 20/03/2018 PUBLICADO NO DO EM 21/03/2018,1,0,1,100
"CONTRATO RESCINDIDO, EM PROCESSO LICITATÓRIO PARA FINALIZAÇÃO DA OBRA.",1,0,1,100
"CONVENIO DIVIDIDO EM TRÊS MODALIDADES DE LICITAÇÃO, SENDO OBRA CIVIL (CONCLUÍDA),  PRESTAÇÃO DE SERVIÇOS SOCIAIS (CONCLUIDO) E AQUISIÇÃO DE EQUIPAMENTOS(PARCIALMENTE (CONCLUÍDO)",1,0,1,100
COPAV CONSTRUTORA E PAVIMENTADORA LTDA,1,0,1,100
COPLEM EENGENHARIA E EMPREENDIMENTOS LTDA EPP,1,0,1,100
CORPAV TRANSPORTES E EMPREECIMENTOS EIRELI EPP,1,0,1,100
COSNTROESTE CONSTRUTORA E PARTICIPAÇÕES LTDA,1,0,1,100
COSNTRUTORA VAO LIVRE LTDA,1,0,1,100
COTEC CONSTRUÇÃO CIVIL LTDA,1,0,1,100
CRISTEL ENGENHARIA E COMERCIO LTDA - EPP,1,0,1,100
CRP CONSTRUTORA BONSUCESSO LTDA - EPP,1,0,1,100
CRR CONSTRUÇÕES E EMPREENDIMENTOS LTDA,1,0,1,100
CSC CONSTRUTORA SIQUEIRA CARDOSO EIRELLI,1,0,1,100
CTR CONSTRUTORA E INSTALAÇÕES LTDA - ME,1,0,1,100
CTR CONSTRUTORA INSTALAÇÕES ELÉTRICAS LTDA ME,1,0,1,100
CVM ENGENHARIA E CONSTRUÇÕES LTDA.,1,0,1,100
"CVT CONSTRUTORA, INCORPORADORA E SERVIÇOS GERAIS LTDA - EPP.",1,0,1,100
D.M.L. FUKUOKA CONSTRUTORA - ME,1,0,1,100
DANILO SIQUEIRA SCHUTT ME,1,0,1,100
DAVATZ & CIA CONSTRUÇÕES E COMÉRCIO LTDA,1,0,1,100
DB CONSTRUÇÕES LTDA.,1,0,1,100
DBW PAVIMENTAÇÕES E CONSTRUÇÕES LTDA,1,0,1,100
DDA CONSTRUTORA LTDA,1,2,3,33.33
DE PAULA RIBEIRO E MARCONI LTDA,1,0,1,100
DECICCOSIMÕES ENGENHARIA E ARQUITETURA LTDA. EPP.,1,0,1,100
DEDRA COMÉRCIO E CONSTRUÇÕES LTDA ,1,3,4,25
DEKTON ENGENHARIA E CONSTRUÇÃO LTDA,1,0,1,100
DELIBERALI SERVIÇOS E CONSTRUÇÕES LTDA  ME,1,0,1,100
DESTAK SERV MÚLTIPLA ENGENHARIA LTDA - EPP ,1,2,3,33.33
DIONÍSIO PEREIRA DA ROCHA FILHO & CIA LTDA-EPP,1,0,1,100
DISTRATADA A PEDIDO DA EMPRESA,1,0,1,100
DMS CONSTRUÇÕES LTDA,1,0,1,100
DOFER ENGENHARIA E CONSTRUÇÕES LTDA,1,0,1,100
DOQUINHA CONSTRUÇÃO E INCORPORAÇÃO LTDA EPP,1,0,1,100
DP BARROS - PAVIMENTAÇÃO E CONSTRUÇÃO LTDA,1,0,1,100
DP CHRISTIANINI CONSTRUTORA – EPP,1,0,1,100
DPC CONSTRUÇÕES E SERVIÇOS LTDA,1,0,1,100
DT ENGENHARIA DE EMPREENDIMENTOS LTDA,1,0,1,100
E. R. CHICONI MAGDA EIRELI - ME,1,0,1,100
E. TORRES ARCOVERDE CONSTRUÇÕES EIRELLI EPP,1,0,1,100
ECCO NATURA CONSTRUÇÕES LTDA - EPP ,1,0,1,100
ECL ENGENHARIA E CONSTRUÇÕES LTDA.,1,0,1,100
ECO ENGENHARIA EIRELI - EPP,1,0,1,100
EDMAR DE ARRUDA BILIATO - ME,1,0,1,100
EGATI ENGENHARIA LTDA,1,0,1,100
EGON SOLUÇÕES CONSTRUTIVAS EIRELI EPP,1,0,1,100
ELEFE CONSTRUTORA,1,0,1,100
ELEMENTU ENGENHARIA E INTEGRAÇÃO LTDA EPP ,1,0,1,100
EM REPROGRAMAÇÃO,1,0,1,100
EMATEC ENGENHARIA E SISTEMAS DE MANUTENÇÃO LTDA,1,0,1,100
EMICOL ELETROELETRÔNICA SA,1,0,1,100
EMPARSANCO ENGENHARIA S/A,1,0,1,100
EMPREITEC CONSTRUÇÕES E MANUTENÇÕES LTDA-EPP,1,0,1,100
EMPREITEIRA DE OBRAS VALE DO RIO PARDO LTDA EPP,1,0,1,100
EMPRESA CONSTRUTORA TROMBIM LTDA-ME,1,0,1,100
EMPRESA CPO CONSTRUÇÕES LTDA EPP,1,0,1,100
EMPRESA PROGRESSO E DESENVOLVIMENTO DE GUARULHOS S/A - PROGUARU,1,0,1,100
ENGAZAX PARTICIPAÇÕES E EMPREENDIMENTOS LTDA - EPP,1,0,1,100
ENGEBASE CONSTRUÇÃO E GERENCIAMENTO LTDA,1,0,1,100
ENGEFORM CONSTRUÇÕES E COMÉRCIO LTDA.,1,0,1,100
ENGEMIL CONSTRUÇÕES LTDA EPP,1,0,1,100
ENGEPLAN TERRAPLENAGEM CONSTRUCAO CIVIL E PAVIMENTACAO LTDA - EPP,1,0,1,100
ENGESAKI CONSTRUTORA E ENGENHARIA LTDA EPP,1,0,1,100
ENGESCAV ENGENHARIA E CONSTRUÇÕES EIRELI,1,0,1,100
ENGETEC - ENGENHARIA EIRELI - ME,1,0,1,100
ENGETELA COMERCIO E SERVIÇOS EIRELI EPP,1,0,1,100
ENGETHEC CONSTRUÇÕES E EMPREENDIMENTOS IMOBILIÁRIOS LTDA,1,0,1,100
ENPAVI/FIRPAVI,1,0,1,100
ENVIROMENT CONSTRUTORA EIRELI,1,0,1,100
EPLAN PROJETOS E CONSTRUÇÕES LTDA,1,0,1,100
"EQUILÍBRIO, LOCAÇÕES, TERRAPLANAGEM E CONSTRUÇÕES EIRELI -EPP",1,0,1,100
ESKELSEN ARTEFATOS DE CIMENTO INDÚSTRIA E COMÉRCIO LTDA.,1,0,1,100
ESMEBRA CONSTRUÇÃO CIVIL LTDA. - EPP,1,0,1,100
ESPAÇO TOTAL - ARQUITETURA E ENGENHARIA LTDA,1,0,1,100
ESTEFANO & QUINTANILHA CONSTRUTORA LTDA,1,0,1,100
ESTETO ENGENHARIA E COMÉRCIO LTDA,1,0,1,100
ESTRADA REAL TERRAPLENAGEM E CONSTRUÇÃO LTDA ,1,0,1,100
EXATA CONSTRUTORA LTDA,1,0,1,100
F VERRONI PROJETOS E PLANEJAMENTOS URBANOS EPP,1,0,1,100
F. GARCIA EMPREITEIRA DE OBRAS EIRELI EPP,1,0,1,100
F.J. DE CAMARGO E CIA LTDA-EPP ,1,0,1,100
F.V.LITORAL COSNTRUÇOES LTDA,1,0,1,100
FABIANO PIRES DE BRITO E CIA LTDA ME,1,0,1,100
FABIO MAIA BARBAROTO ENGENHARIA ME,1,0,1,100
FABIOLA DE JESUS CHEMELLO - ME,1,1,2,50
FADINI CONSTRUÇÕES LTDA - EPP,1,2,3,33.33
"FALCON CONSTRUÇÕES, ENGENHARIA E EMPREENDIMENTOS FERNANDÓPOLIS LTDA - EPP",1,0,1,100
FANOR CONSTRUTORA E INCORPORADORA LTDA EPP,1,0,1,100
FARCIC ENGENHARIA,1,0,1,100
FBR PROJETOS E CONSTRUÇÃOES LTDA,1,0,1,100
FEC CONSTRUÇÕES E COMÉRCIO EIRELI - EPP,1,0,1,100
FEMOPA LOCAÇÕES E SERVIÇOS LTDA ME,1,0,1,100
FIRPAVI CONSTRUTORA E PAVIMENTADORA S/A,1,0,1,100
FM KERBAUY RESENDE LTDA EPP,1,2,3,33.33
FOCCO ENGENHARIA E PLANEJAMENTO LTDA,1,0,1,100
FORTE ADMINISTRAÇÃO E SERVIÇOS DE ENGENHARIA EIRELI-ME,1,0,1,100
FPF CONSTRUÇÕES E SERVIÇOS LTDA EPP,1,0,1,100
FRANCA EXPANSÃO S/A,1,0,1,100
FUSATI ENGENHARIA E ASSESSORIA AMBIENTAL LTDA,1,0,1,100
FX - ENGE PAVIMENTAÇÃO E OBRAS LTDA,1,0,1,100
G ENERGY ENGENHARIA E CONSULTORIA LTDA,1,0,1,100
G.I.G CONSTRUÇÕES & SERVIÇOS EIRELI ME ,1,0,1,100
G.M METALÚRGICA & CONSTRUÇÕES ESTRELA D´OESTE LTDA-ME,1,0,1,100
"GAAB ENGENHARIA DE PROJETOS E CONSTRUÇÕES LTDA – EPP, EPP E CARVALHO GARCIA CONSTRUÇÃO E EMPREENDIMENTOS-IRELI",1,0,1,100
GADU SANEAMENTO LTDA,1,0,1,100
GALHARDI CONSTRUÇÕES E INCORPORAÇÕES IMOBILIÁRIAS LTDA,1,0,1,100
GASPAR & GASPAR CONSTRUCOES LTDA - EPP,1,0,1,100
GD LOCAÇÕES E SERVIÇOS,1,0,1,100
GEALFE COMERCIAL E CONSTRUTORA LTDA - EPP ,1,1,2,50
GEDECON PARTICIPAÇÕES LTDA ME,1,0,1,100
GEMA ARQUITETURA E URBANISMO LTDA - ME,1,0,1,100
GERAÇÃO ENGENHARIA E CONSTRUÇÃO LTDA,1,0,1,100
GERALDO DE LIMA EPP,1,0,1,100
GILMAR PEREIRA - ME,1,0,1,100
GIMMA ENGENHARIA LTDA,1,0,1,100
GISELE MARIA DOMINGUES DA ROCHA ME,1,0,1,100
GLOBAL TEC CONSTRUÇÕES LTDA - ME,1,0,1,100
GM PAVIMENTAÇÃO LTDA,1,0,1,100
GODOY E TABACO ARTEFATOS DE CIMENTO EPP,1,0,1,100
GOMES E PACE CONSTRUTORA LTDA,1,0,1,100
GOMES E RODOLFI CONSTRUTORA LTDA M.E.,1,0,1,100
GREEN SOLUÇÕES EM ENGENHARIA LTDA-EPP,1,0,1,100
GROMA CONSTRUTORA EIRELI EPP,1,0,1,100
GUERRERO CONSTRUTORA E INCORPORADORA LTDA.,1,0,1,100
H. GUEDES - ENGENHARIA,1,0,1,100
"H.E. ENGENHARIA, COMÉRCIO E REPRESENTAÇÕES LTDA",1,0,1,100
HBC BRASIL CONSTRUÇÕES E TRANSPORTE LTDA ME,1,0,1,100
HELSON DE SOUZA SARTORELLI ME,1,0,1,100
HEMA CONSTRUÇÕES LTDA.,1,0,1,100
HIDROAR CONSTRUÇÕES E SERVIÇOS EIRELI-ME,1,0,1,100
HP ENGENHARIA LTDA ME,1,1,2,50
HUNGRIA E MARTINS CONSTRUÇÕES EIRELI - EPP,1,0,1,100
ICOM CONSTRUÇÕES EIRELI LTDA,1,0,1,100
IF SILVA E PAULA CONSTRUÇÃO LTDA ME,1,0,1,100
IGUAÇUMEC ELETROMECANICA LTDA,1,0,1,100
INOVAÇÃO SERVIÇOS DE ENGENHARIA CONSTRUÇÕES E INSTALAÇÕES LTDA EPP,1,0,1,100
"INPLENITUS PROJETOS, GERENCIAMENTOS E FISCALIZAÇÃO DE OBRAS LTDA.",1,0,1,100
INTEGRAL AMBIENTIZAÇÃO EIRELI EPP,1,0,1,100
INTUS ENGENHARIA & GESTÃO LTDA EPP,1,0,1,100
ISABELA SILVESTRINI DOS SANTOS EIRELI – EPP,1,0,1,100
IVIX CONSTRUTORA EIRELI - EPP,1,0,1,100
IZILDA DOMINGUES DE REZENDE EPP,1,0,1,100
IZILDA FONSECA SILVA CONSTRUÇÕES EPP,1,0,1,100
J A TINELI MARQUES & CIA LTDA - EPP,1,1,2,50
J. MALUCELLI CONSTRUTORA DE OBRAS S/A. ,1,0,1,100
J.F ENGENHARIA E CONSTRUÇÃO LTDA EPP,1,0,1,100
J&A CARDOSO CONSTRUTORA EIRELLI,1,0,1,100
JABRIEL PROJETOS E CONSTRUÇÕES EIRELLI ME,1,0,1,100
JACATIRÃO COTRUÇÕES LDEA ME,1,0,1,100
JAUPAVU TERRAPLENAGEM E PAVIMENTAÇÃO LTDA,1,0,1,100
JB SERVIÇOS GERAIS LTDA.,1,0,1,100
JBX CONSTRUTORA,1,0,1,100
JCM CONSTRUTORA LTDA  EPP,1,0,1,100
JHONATHAN SILVA SANTOS EIRELI - ME,1,0,1,100
JLA CONSTRUÇÕES E COMERCIO EIRELLI,1,0,1,100
JMR2 CONSTRUTORA E SERVIÇOS LTDA.,1,0,1,100
JORDÃO E BERGAMIN LTDA,1,0,1,100
JOSÉ AUGUSTO RAMOS PEREIRA ME,1,0,1,100
JOSE F. DOS SANTOS FILHO JOAO RAMALHO - ME ,1,0,1,100
JOSÉ PAULO DE ALMEIDA - ME,1,2,3,33.33
JREIS CONSTRUÇÕES DE BARRETOS LTDA,1,0,1,100
JULIETA BARBOSA DA SIQUEIRA - ME,1,0,1,100
JZ ENGENHARIA LTDA,1,0,1,100
K33 ENGENHARIA LTDA,1,0,1,100
KAIRÓS CONSTRUÇÕES E EMPREENDIMENTOS FERNANDÓPOLIS LTDA. - EPP,1,0,1,100
KARAJÁ CONSTRUÇÕES E LOCAÇÕES LTDA EPP,1,0,1,100
KARONAZZO CONSTRUTORA E LOCAÇOES EIRELI,1,0,1,100
KGPO KLOPFER GUARIZZO PROJETOS E OBRAS LTDA.,1,0,1,100
L.R. REIS CONSTRUTORA LTDA,1,2,3,33.33
L&L CONSTRUÇÕES EIRELI,1,0,1,100
LABORE SERVIÇOS E CONSTRUÇÕES LTDA EPP,1,0,1,100
LAFAR ENGENHARIA E SERVICOS EIRELI ME,1,1,2,50
LAND VALE CONSTRUÇÕES LTDA.,1,0,1,100
LANZILOTI CONSTRUÇÕES E EMPREENDIMENTOS LTDA-ME,1,0,1,100
LCM - LIMPEZA CONSERVAÇÃO E MANUTENÇÃO EIRELI ME,1,0,1,100
LEANDRO ANTONIO FERREIRA MESQUITA ME,1,0,1,100
LEÃO ENGENHARIA S/A,1,0,1,100
LEONARDO APARECIDO TOSTES ME,1,0,1,100
LEWALE ENGENHARIA -  PROJETOS E CONSTRUÇÕES LTDA.,1,0,1,100
LHA MONTEIRO EIRELI EPP,1,0,1,100
LICÓRIO & LICÓRIO CONSTRUÇÕES LTDA. M.E.,1,0,1,100
LIMA DE CASTRO ENGENHARIA E CONSTRUÇÕES ,1,0,1,100
LOCMAQ LOCAÇÃO DE EQUIPAMENTOS LTDA ME,1,0,1,100
LOURIVAL CRESCENCIO MARQUES JUNIOR & CIA LTDA,1,0,1,100
LUBE METAL - ME,1,0,1,100
LUQUIP TERRAPLENAGEM LTDA - EPP,1,0,1,100
LYANS CONSTRUTORA E COMÉRCIO LTDA - EPP,1,0,1,100
M THOMAZ CONSTRUÇÕES E SERVIÇOS LTDA.,1,0,1,100
M. M. SOUZA CONSTRUTORA ME,1,0,1,100
M.A. CONSTRUTURA IGARAPAVENSE EIRELI,1,1,2,50
M.A.S CONSTRUÇÕES E EMPREENDIMENTOS LTDA,1,0,1,100
M&K ENGENHARIA LTDA - EPP,1,0,1,100
MAB DA SILVA CONSTRUÇÕES EIRELI - ME,1,0,1,100
MARCONDES DE LIMA ENGENHARIA EIRELI EPP,1,0,1,100
MARCOS ANTONIO FELIX FERREIRA EPP.,1,0,1,100
MARIA CECILIA JORGE - EPP,1,0,1,100
MARIA ROBERTA DE SOUZA FERREIRA EPP,1,0,1,100
MARIA SANTA LOCAÇÕES E OBRAS LTDA - EPP,1,0,1,100
MARIPAV PAVIMENTAÇÃO E CONSTRUÇÃO LTDA,1,1,2,50
MARQUES E MARQUES CONSTRUTORA LTDA - EPP,1,0,1,100
MARUCA COMÉRCIO E SERVIÇOS LTDA.,1,0,1,100
Mathesis Engenharia e Construções Ltda,1,0,1,100
MAX CONSTRUÇÕES E SERVIÇOS EM EDIFICAÇÕES LTDA,1,0,1,100
MB ENGENHARIA E MEIO AMBIENTE LTDA,1,0,1,100
MC CONSTRUÇÕES LTDA.,1,0,1,100
MED CONSTRUTORA LTDA –EPP;,1,0,1,100
MERIBÁ ENGENHARIA E INDÚSTRIA EIRELI - ME,1,0,1,100
MGZ ENGENHARIA LTDA EPP,1,1,2,50
MJA CONSTRUÇÕES E ENGENHARIA EIRELI ME,1,0,1,100
MMB COMERCIAL E CONSTRUTORA LTDA ME,1,0,1,100
MOGI ENGENHARIA CIVIL LTDA,1,0,1,100
MONTEBRAZ ARARAQUARA MONTAGENS INDUSTRIAIS EIRELI ME,1,0,1,100
MONTFORT ENGENHARIA E CONSTRUÇÕES EIRELLI EPP,1,0,1,100
MORÉ & SOARES CONSTRUÇÃO CIVIL LTDA,1,1,2,50
MORETO & MORETO CONSTRUTORA LTDA ME,1,0,1,100
MPS SERVIÇOS EM CONSTRUÇÃO CIVIL LTDA,1,0,1,100
MYF CONSTRUÇÕES E COMÉRCIO LTDA EPP,1,1,2,50
NÃO POSSUI CONTRATO EM VIGÊNCIA,1,0,1,100
NASCIMBEM E ANTUNES CONSTRUÇÕES LTDA - EPP,1,0,1,100
NBA INSTALAÇÕES ELÉTRICAS LTDA,1,0,1,100
NEO DE CARVALHO CONSTRUÇÕES LTDA - EPP,1,0,1,100
NEOB CONSTRUÇÕES LTDA,1,0,1,100
NETCLEAR TECNOLOGIA EM INFORMÁTICA EIRELI– EPP,1,0,1,100
NEVES E LONGANO LTDA,1,0,1,100
NEW SAT MONTAGENS E LOCAÇÕES LTDA EPP - DISTRATO JÁ REALIZADO COM ESTA EMPRESA.,1,0,1,100
NEWLOC TERRAPLANAGEM E LOCAÇÃO DE EQUIPAMENTO PARA CONSTRUÇÃO CIVIL LTDA - EPP,1,0,1,100
NEY COSTA ENGENHARIA E CONSTRUÇÕES LTDA.,1,0,1,100
NOVAES ENGENHARIA,1,0,1,100
NOVORUMO ENGENHARIA E COMÉRCIO LTDA,1,1,2,50
NTI CONSTRUÇÕES E SERVIÇOS EIRELI,1,0,1,100
O.S.V CONSTRUTORA LTDA EPP,1,0,1,100
OESTEVALLE PAVIMENTAÇÃO E CONSTRUÇÕES LTDA ,1,0,1,100
OLIVEIRA & FILHO CGT CONSTRUTORA LTDA EPP,1,0,1,100
OLIVEIRA DUARTE ENGENHARIA LTDA - ME (3),1,0,1,100
OLIVIA MENDES LEAL COSTA EPP,1,0,1,100
OPERACIONAL PROJETOS E CONSTRUÇÕES LTDA,1,0,1,100
OSVALDO DE SOUZA LOBO-ME,1,0,1,100
OURIGRAMA TERRAPLANAGEM LTDA,1,0,1,100
P.E. DE BRITO &AMP; SIMPLÍCIO LTDA,1,0,1,100
PAFIL CONSTRUTORA E INCORPORADORA LTDA,1,0,1,100
PAIVA NOGUEIRA CONSTRUTORA EIRELI,1,0,1,100
PANAMÉRICA CONSTRUÇÕES E SERVIÇOS EIRELLI - ME,1,0,1,100
PANICO MATERIAIS E CONSTRUÇÕES EIRELLI ME,1,0,1,100
PARC PROJETOS E CONSTRUÇÃO CIVIL EIRELI ME,1,0,1,100
PASTORELLI ENGENHARIA & CONSTRUÇÃO LTDA – ME,1,0,1,100
PAULISTA OBRAS E PAVIMENTAÇÃO LTDA,1,0,1,100
PAULO A. M. RIBEIRO CONSTRUTORA ME,1,0,1,100
PAULO ROGERIO LEITE PEIXOTO - EPP,1,0,1,100
"PAVIECON ENGENHARIA, CONSTRUCOES E AVALIACOES EIRELI",1,0,1,100
PECEPSERV IMPLANTAÇÃO ELÉTRICA E LÓGICA EIRELI - ME,1,0,1,100
PEDRO PAULO DE MELO PARANHOS -ME,1,0,1,100
PERSEVERANÇA ENGENHARIA E ARQUITETURA LTDA,1,0,1,100
PETRA ENGENHARIA LTDA-EPP,1,0,1,100
"PIRAMIDE CONSTRUÇÕES, SANEAMENTO E LOCAÇÕES EIRELI EPP",1,0,1,100
PLANER ENGENHARIA LTDA,1,0,1,100
PLANOVA PLANEJAMENTO  E CONSTRUÇÕES S/A,1,0,1,100
PLENAPLAN CONSTRUTORA EIRELLI - EPP ,1,0,1,100
PONTO FORTE EMPREEND. E CONSTR. LTDA,1,0,1,100
POTIVIAS EMPRESA POTIGUAR DE OBRAS VIÁRIAS LTDA,1,0,1,100
PREFEITURA MUNICIPAL DE CACHOEIRA PAULISTA,1,0,1,100
PREFEITURA MUNICIPAL DE LORENA,1,0,1,100
PREFEITURA MUNICIPAL DE PIRASSUNUNGA,1,0,1,100
PREFEITURA MUNICIPAL DE RIO DAS PEDRAS,1,0,1,100
PREFEITURA MUNICIPAL DE TORRINHA,1,0,1,100
PRELCAN CONSTRUÇÃO E COMÉRCIO LTDA - EPP,1,0,1,100
PRESERVA ENGENHARIA LTDA,1,0,1,100
"PRIMEIRO CONTRATO: BMC ENGENHARIA E CONSTRUÇÃO LTDA 38.905.295/0001-18, SEGUNDO CONTRATO: EG. BEZERRA ENGENHARIA ME",1,0,1,100
PRIMEIRO QUADRANTE ENGENHARIA LTDA,1,0,1,100
PRODEX CONSTRUTORA E COMERCIAL LTDA. EPP,1,0,1,100
PROENÇA PROJETOS E INTALAÇÕES ELÉTRICAS LTDA.,1,0,1,100
PROVENCE CONSTRUTORA LTDA.,1,0,1,100
PRUDENCO CIA PRUDENTINA DE DESENVOLVIMENTO,1,0,1,100
PRUDENSAN ENGENHARIA E COMÉRCIO,1,0,1,100
PUNTO ENGENHARIA E CONSTRUÇÕES LTDA. - EPP,1,0,1,100
"QUALITY 1 FERNANDÓPOLIS ARQUITETURA, ENGENHARIA E CONSTRUÇÃO CIVIL",1,0,1,100
R PEIXOTO CONSTRUÇÕES E SERVIÇOS LTDA - ME,1,0,1,100
R. MALUF ENGENHARIA E CONSTRUÇÕES LTDA,1,3,4,25
R.N.P. PAVIMENTAÇÃO E CONSTRUÇÃO,1,0,1,100
R.WEISSENRIEDER DIAS EPP,1,0,1,100
"R&A ENGENHARIA, CONSTRUÇÕES E MEIO AMBIENTE LTDA.-ME.",1,0,1,100
RAMOS SALES CONSTRUTORA E COMÉRCIO EIRELI,1,0,1,100
RBAX CONSTRUTORA LTDA-ME,1,0,1,100
RENOV PAVIMENTAÇÃO E CONSTRUÇÕES LDTA EPP,1,0,1,100
REPLAN SANEAMENTO E OBRAS LTDA,1,2,3,33.33
RICARDO TORTORELLA PAVIMENTAÇÃO EPP,1,1,2,50
RIO VIVO AMBIENTAL LTDA,1,0,1,100
RJ PAVIMENTAÇÃO LTDA-EPP,1,0,1,100
RM & MOLLON CONSTRUTORA LTDA ME ,1,0,1,100
ROBERTO JORGE GARCIA EPP,1,0,1,100
ROCHA DO VALE ENGENHARIA LTDA.,1,0,1,100
RODOSERV ENGENHARIA LTDA.,1,1,2,50
RODRIGO FERNANDO PORTO ME,1,0,1,100
RODRIGO JOSÉ DAS NEVES,1,0,1,100
ROMME CONSTRUTORA LTDA,1,1,2,50
"RONE ENGENHARIA, PROJETOS, CONSTRUÇÕES E COMÉRCIO EIRELI - EPP",1,0,1,100
S. C. ENGENHARIA LTDA,1,0,1,100
S. L. DA SILVA SANTOS DE CASTRO CONSTRUÇÕES E REFORMAS – ME,1,0,1,100
SAG ENGENHARIA LTDA,1,0,1,100
SAHLIAH ENGENHARIA LTDA,1,0,1,100
SALIONE INFRAESTRUTURA LTDA,1,0,1,100
SALLE ENGENHARIA E CONSTRUÇÃO LTDA,1,0,1,100
SANDRA CHECHTER & VANIA TRAMONTINO ARQUITETURA S/S – EPP ,1,0,1,100
SANED ENGENHARIA E EMPREENDIMENTOS S.A. ,1,0,1,100
SANENZA CONSTRUTORA LTDA ME,1,0,1,100
SANFER CONSTRUTORA MONTE ALTO LTDA,1,0,1,100
SANIOTO CONSTRUÇÕES EIRELI - EPP,1,0,1,100
SANIT ENGENHARIA,1,0,1,100
SCALA MASTER IMPORTACAO E EXPORTACAO LTDA,1,0,1,100
SCAMATTI E SELLER,1,0,1,100
SCOPUS CONSTRUTORA E INCORPORADORA LTDA,1,0,1,100
SECRETARIA DE ESPORTES LAZER E JUVENTUDE DO ESTADO DE SÃO PAULO,1,0,1,100
SEMAM TERRAPLANAGEM E PAVIMENTAÇÃO LTDA,1,0,1,100
SENA CONSTRUÇÕES E COMERCIO LTDA EPP,1,0,1,100
SENOPAV CONSTRUÇÕES E COMÉRCIO LTDA,1,0,1,100
SERTENGE CONSTRUTORA LTDA.,1,0,1,100
SIEMENS LTDA.,1,0,1,100
SILMARA APARECIDA INACIO POLCELLI CONSTRUTORA – EPP,1,0,1,100
SILVIO CAVALCANTE CONSTRUTORA EIRELI - EPP,1,0,1,100
SIQUEIRA E SANTOS CONSTRUTORA LTDA ME,1,0,1,100
SIRGA ENGENHARIA E CONTROLE DE QUALIDADE LTDA,1,0,1,100
SIRLEI BERTAGLIA MANOEL ME,1,0,1,100
SISTEL ENGENHARIA EIRELI EPP,1,0,1,100
SJK CONSTRUTORA LTDA - EPP,1,0,1,100
SOL CONSTRUTORA E EMPREENDIMENTOS LTDA - ME,1,0,1,100
SOLLIS TERRAPLENAGEM E PAVIMENTAÇÃO LTDA.,1,0,1,100
SOLOVIA ENGENHARIA E CONSTRUÇÕES LTDA.,1,0,1,100
SOLUTION ENGENHARIA MONTAGENS E CONSTRUÇÕES LTDA,1,0,1,100
SOMANTECH SERVIÇOS DE CONSTRUÇÕES EIRELI ME,1,0,1,100
SOPLAN CONSTRUÇÕES E INCORPORAÇÕES LTDA EPP,1,0,1,100
SPLBASE ENGENHARIA LTDA,1,0,1,100
SPO SERVIÇOS DE PAVIMENTAÇÃO E OBRAS LTDA - EPP,1,0,1,100
SRA ENGENHARIA EIRELI - EPP,1,0,1,100
ST - LOCAÇÃO E SERVIÇOS LTDA ME,1,0,1,100
STENGI ENGENHARIA E INSTALAÇÕES ELÉTRICAS LTDA,1,0,1,100
STER ENGENHARIA LTDA.,1,0,1,100
SUL VALE CONSTRUTORA LTDA - ME,1,0,1,100
TAG INFRAESTRUTURA E CONSTRUÇÕES EIRELI-ME,1,0,1,100
TALITA CABRAL ALMEIDA ME,1,0,1,100
TANGERE CONSTRUÇÕES E SERVIÇOS LTDA ME,1,0,1,100
TASSINARY  NERY EMPREENDIMENTOS LTDA - EPP,1,0,1,100
TBG - TERRAPLANAGEM E CONSTRUÇÕES LTDA,1,1,2,50
"TD COSNTRUÇÕES, REDES E INSTALAÇÕES DE GÁS LTDA EPP",1,0,1,100
TECHNO CONSTRUTORA FERNANDÓPOLIS LTDA,1,0,1,100
TECNOJAD CONSTRUTORA LTDA.,1,0,1,100
TECPAV ENGENHARIA LTDA,1,0,1,100
TELEAR COMÉRCIO E SERVIÇOS DE COMUNICAÇÃO E CONSTRUÇÃO CIVIL EIRELI,1,0,1,100
TEMAFE ENGENHARIA E CONSTRUÇÕES LTDA.,1,0,1,100
TEOREMA ENGENHARIA E CONSTRUTORA LTDA,1,0,1,100
TERRA FORTE BRASIL CONSTRUTORA LTDA,1,0,1,100
TERRA NOVA ENGENHARIA E CONSTRUÇÃO LTDA.,1,0,1,100
TERRALOC CONSTRUCOES TERRAP E LOCACOES LTDA EPP,1,0,1,100
THALES A C SILVA ME,1,0,1,100
THESIS ENGENHARIA E CONSTRUÇÕES EIRELI - EPP,1,2,3,33.33
THI ENGENHARIA E ARQUITETURA LTDA,1,0,1,100
TIETÊ CONSTRUÇÕES EIRELLI,1,0,1,100
TINAMMA MANUTENÇÃO DE SISTEMAS DE PROTEÇÃO AMBIENTAL LTDA-EPP,1,0,1,100
TJ CONSTRUÇÕES E TERRAPLANAGEM EIRELLI - ME,1,4,5,20
TKS CONSTRUTORA COMÉRCIO E LOCAÇÕES LTDA - EPP ,1,0,1,100
TMK ENGENHARIA S.A.,1,0,1,100
TORRE FORTE ARAÇATUBA CONSTRUTORA LTDA,1,0,1,100
TOTAL BRASIL TERCERIZAÇÕES E SERVIÇOS EIRELI ME,1,0,1,100
TRAJETO CONSTRUÇÕES E SERVIÇOS LTDA.,1,0,1,100
TRANS SISTEMAS DE TRANSPORTE LTDA,1,0,1,100
TRANSPORTES E CONSTRUTORA OLIVEIRA LTDA. - ME,1,1,2,50
TSX ENGENHARIA E CONSTRUÇÃO EIRELI – EPP,1,0,1,100
UNIDAS ENGENHARIA LTDA,1,0,1,100
UNIKA CONSTRUTORA E INCORPORADORA LTDA EPP,1,0,1,100
URBANIZA ENGENHARIA E CONSULTORIA LTDA. ,1,0,1,100
URBANZI EIRELLI - EPP,1,0,1,100
V. DE SOUZA FERREIRA & CIA LTDA - ME ,1,0,1,100
VAL ROCHA ENGENHARIA LTDA,1,0,1,100
VALFLA AUTOMAÇÃO E SISTEMAS LTDA.,1,0,1,100
VALGUARÁ INDÚSTRIA E COMÉRCIO DE ARTEFATOS DE CIMENTO LTDA,1,0,1,100
VANDERLEI APARECIDO DA SILVA MANUTENÇÃO PREDIAL - ME,1,0,1,100
VASCONCELOS FERNANDES CONSTRUTORA EIRELI,1,0,1,100
VECTOR SISTEMA DE AUTOMAÇÃO LTDA,1,0,1,100
VÉRTICE EDIFICAÇÕES EIRELI EPP,1,0,1,100
VIATEL-CONSTRUÇOES E COMERCIO LTDA,1,0,1,100
VIVIAN CAROLINE DE ALMEIDA FELIPPE - ME,1,0,1,100
VODAOIL SERVIÇOS DE PETRÓLEO LTDA. EPP.,1,0,1,100
W. J. SALEME ENGENHARIA E CONSTRUÇÕES LTDA – EPP,1,0,1,100
W. L. GAMA ENGENHARIA E TERRAPLANAGEM LTDA,1,0,1,100
WAGNER GREGÓRIO BERTIPAGLIA ME,1,0,1,100
WALP  CONSTRUÇÕES E COMÉRCIO LTDA,1,0,1,100
WB PROJETOS E CONSTRUÇÕES EIRELI,1,0,1,100
WEB INDÚSTRIA E COMÉRCIO LTDA ME,1,0,1,100
WESLEY REINALDO CONTI-EPP,1,1,2,50
WILLIAN ALVES SERVIÇOS NA CONSTRUÇÃO CIVIL - ME,1,0,1,100
WILSON ROGERIO NICOLUCCI SERTAOZINHO ME,1,0,1,100
WISDOM – CONSTRUTORA E MONTAGEM LTDA.,1,1,2,50
WKJ EMPREENDIMENTOS IMOBILIÁRIOS LTDA,1,0,1,100
WLB ENGENHARIA E CONSTRUÇÕES LTDA,1,1,2,50
YFC - CONSTRUÇÕES LTDA - ME,1,0,1,100
ZANETTI & ZANETTI SERVIÇOS LTDA,1,0,1,100
ZAP CONSTRUTORA LTDA - ME,1,0,1,100
AGILE CONSTRUTORA EIRELI,0,8,8,0
CITYSTAR CONSTRUTORA E INCORPORADORA,0,5,5,0
TEOREMA CONSTRUTORA EIRELI,0,3,3,0
VIAMARI ENGENHARIA E CONSTRUÇÕES EIRELI,0,3,3,0
VIEL ENGENHARIA E CONSTRUÇÕES EIRELI- EPP,0,3,3,0
AFONSO GARCIA CONSTRUÇÕES E COMÉRCIO EIRELLI - EPP,0,2,2,0
CONSTRUDEZ CONSTRUÇÃO CIVIL LTDA.,0,2,2,0
LOPES KALIL ENGENHARIA E COMÉRCIO LTDA.,0,2,2,0
M&S CONSTRUÇÕES E ENGENHARIA LTDA.,0,2,2,0
OURO PRETO ENGENHARIA E CONSTRUÇÃO EIRELI - EPP,0,2,2,0
WAITMAN ENGENHARIA E CONSTRUÇÕES LTDA  - EPP,0,2,2,0
A. C. CAMARGO CONSTRUÇÕES LTDA,0,1,1,0
A.R. DA SILVA CONSTRUÇÕES - ME,0,1,1,0
AGNALDO BELCHIOR VITTO - ME,0,1,1,0
ÁGUA FORTE SANEAMENTO AMBIENTAL LTDA,0,1,1,0
ALFI SERVIÇOS LTDA - EPP,0,1,1,0
AMAZONIA AMBIENTAL CONSERVAÇÃO SERVIÇOS E CONSTRUÇÕES LTDA,0,1,1,0
ANX CONSTRUTORA E COMÉRCIO LTDA - ME,0,1,1,0
ASS. COMUNIT. E BENEF. DO JD. SANTA ADÉLIA,0,1,1,0
ASSERTIVA COMÉRCIO E SERVIÇOS LTDA,0,1,1,0
BJB CONSTRUÇOES,0,1,1,0
C.C.C. CONSTRUTORA CAPITÃO COSTA LTDA ,0,1,1,0
CAMACON CONSTRUÇÕES LTDA,0,1,1,0
CAROLINA SPINOSA MOSSINI CONSTRUÇÕES - EPP,0,1,1,0
CBPL - CONSTRUTORA LTDA,0,1,1,0
CETENGE ENGENHARIA LTDA,0,1,1,0
CHIAPPA ENGENHARIA E CONSTRUÇÕES LTDA,0,1,1,0
CLOPCONS CONSTRUÇÕES E SERVIÇOS LTDA ME,0,1,1,0
CNV PROJETOS E CONSTRUÇÕES LTDA,0,1,1,0
COLINEA CONSTRUÇÕES E OBRAS LINEARES,0,1,1,0
CONSÓCIO MOBILIDADE PRUDENTE,0,1,1,0
CONSTRUIR PROJETOS E OBRAS LTDA - EPP,0,1,1,0
CONSTRUSANTOS COMÉRCIO E CONSTRUÇÃO CIVIL LTDA,0,1,1,0
CONSTRUTORA BENGOL LTDA - EPP,0,1,1,0
CONSTRUTORA COLOMBO & PAGANI LTDA ME,0,1,1,0
CONSTRUTORA EDENGE - EIRELI,0,1,1,0
CONSTRUTORA MOLLINARI LTDA.,0,1,1,0
DALPINO TERRAPLENAGEM LTDA,0,1,1,0
DIAS ARAÇATUBA CONSTRUÇÕES E LOGÍSTICA LTDA EPP,0,1,1,0
DJR DE OLIVEIRA EIRELI ME,0,1,1,0
E. E. GOUVEA ENGENHARIA EIRELI EPP,0,1,1,0
ELEMENTU ENGENHARIA E LNTEGRAÇÃO LTDA EPP,0,1,1,0
ELETRO RAIO JAU COMERCIO DE MATERIAIS ELÉTRICOS LTDA-ME,0,1,1,0
ELISETE DE MELLO COSTA & CIA LTDA,0,1,1,0
EMR CONSTRUÇÕES E INSTALAÇÕES INDUSTRIAIS LTDA EPP,0,1,1,0
ENGERB CONSTRUÇÕES E INCORPORAÇÕES EIRELI,0,1,1,0
ETHECHNIC CONSTRUTORA E SERVIÇOS LTDA EPP,0,1,1,0
FAST SERVIÇOS ESPECIALIZADOS & CONSTRUÇÃO CIVIL,0,1,1,0
FERREIRA E PATRIOTA CONSTRUÇÕES LTDA-EPP ,0,1,1,0
G.R.D PROJETOS E CONSTRUÇÕES LTDA ME,0,1,1,0
GETESI GERENCIAMENTO TECNOLOGIA E SISTEMA LTDA EPP,0,1,1,0
GHM CONSTRUTORA EIRELI ,0,1,1,0
"GOLD MONTAGEM, INSTALAÇÃO E LOCAÇÃO EIRELI - ME",0,1,1,0
GRALL ENGENHARIA E CONSTRUÇÃO LTDA - ME,0,1,1,0
HM LUTFALA CONSTRUCOES EIRELI - EPP ,0,1,1,0
INCA CONSTRUÇÕES E PARTICIPAÇÕES EIRELI,0,1,1,0
INSMONTEL INSTALAÇÕES E MONTAGENS ELETROMECANICAS LTDA EPP,0,1,1,0
ISSA & PIACENTE ENGENHARIA LTDA ,0,1,1,0
J.M. BARBARÁ ENGENHARIA LTDA,0,1,1,0
JJ ASSESSORIA E CONSTRUÇÕES EIRELLI EPP.,0,1,1,0
JOSUÉ CARDOSO DOS SANTOS CONSTRUTORA E INCORPORADORA - EIRELI - EPP,0,1,1,0
LAMG SERVIÇOS E CONSTRUÇÕES LTDA,0,1,1,0
LEVICON CONSTRUÇÕES LTDA - EPP ,0,1,1,0
LIMA SOARES ENGENHARIA LTDA,0,1,1,0
"LOPES E PÉCORA CONSTRUÇÕES, TERRAPLENAGEM E PAVIMENTAÇÃO LTDA",0,1,1,0
LUCATEC MANUTENÇÃO INDUSTRIAL LTDA. ME,0,1,1,0
M. G. EMPREITEIRA E CONSTRUTORA LTDA. – ME,0,1,1,0
MATHESIS ENGENHARIA E CONSTRUÇÃO LIMITADA,0,1,1,0
MAZZER ENGENHARIA ARQUITETURA PLANEJAMENTO E CONSTRUÇÃO EIRELI ME,0,1,1,0
"NELY RODRIGUES CONSTR. CIVIS, COM. E PRESTAÇÃO DE SERV. LTDA",0,1,1,0
OFOS TECNOLOGIA COMÉRCIO E SERVIÇOS CONTRA INCÊNDIO LTDA,0,1,1,0
P & C ENGENHARIA LTDA,0,1,1,0
PAU A PIQUE CONSTRUÇÕES LTDA – ME,0,1,1,0
"PESATO FABRICAÇÃO, MONTAGEM E MANUTENÇÃO LNDUSTRIAL EIRELI - EPP",0,1,1,0
PICOLOTO CONSTRUTORA EIRELI ,0,1,1,0
PORT CON CONSTRUTORA LTDA.,0,1,1,0
PREVINE INCÊNDIO - SERVIÇOS E COMÉRCIO LTDA.,0,1,1,0
PROJECEN CONSTRUÇÕES E COMÉRCIO LTDA - EPP,0,1,1,0
PROJECON PROJETOS E CONSTRUÇÃO CIVIL PIRACICABA LTDA,0,1,1,0
RAC ENGENHARIA S/A,0,1,1,0
RGS9 TECNOLOGIA IMPORTAÇÃO E CONSTRUÇÕES LTDA,0,1,1,0
RODRIGUES SOARES EMPREENDIMENTOS E CONSTRUÇÕES LTDA EPP,0,1,1,0
ROMA CONSTRUÇÕES CIVIL LTDA-ME,0,1,1,0
ROMARELLO TERRAPLANAGEM E CONSTRUÇÕES LTDA.,0,1,1,0
RUEDA CONSTRUÇÕES E SERVIÇOS EIRELI - EPP,0,1,1,0
SANCHES & AQUINO CONSTRUTORA LTDA,0,1,1,0
SANTA TERRA CONSTRUTORA EIRELI - EPP,0,1,1,0
SMS ENGENHARIA E COMÉRCIO LTDA,0,1,1,0
SOLUÇÕES CANTEIRO CONSTRUÇÃO CIVIL LTDA ME,0,1,1,0
SSM CONSTRUÇÕES E INSTALAÇÕES LTDA,0,1,1,0
STARSAN CONSTRUTORA E LOCAÇÕES,0,1,1,0
TECSEL CONSTRUÇÕES E COMÉRCIO LTDA.,0,1,1,0
TEREZA C. DE JESUS - ME,0,1,1,0
TERRAPLANAGEM E PAVIMENTAÇÃO SÃO LUIZ LTDA - ME,0,1,1,0
ZILDA MARTINS DE ANDRADE - ME,0,1,1,0
