municipio_nome,situacao_obra,ambito,valor_inicial_contrato,valor_total_pago,contratada,cnpj_contratada,contratante,classificacao,data_paralisacao,descricao_obra,endereco,url_obra,data_prevista_conclusao,gasto_nao_previsto
Agudos,Paralisada,Municipal,532905.65,558755.56,TRACON COMERCIO E CONSTRUÇÕES LTDA,50.542.513/0001-00,PREFEITURA MUNICIPAL DE AGUDOS,"Mobilidade urbana - Pontes, viadutos e similares",Não informado,Canalização de córrego à céu aberto com gabiões,Não informado,Não informado,01/08/2016,25849.910000000033
Agudos,Paralisada,Municipal,2846025.85,3201446.11,F. MOREIRA DOS SANTOS MATERIAIS DE CONSTRUÇÃO EPP,19.110.316/0001-64,PREFEITURA MUNICIPAL DE AGUDOS,"Educação - Universidades, Faculdades, Escolas e similares",Não informado,Construção de Escola de Tempo Integral CONSTRUTOR ABANDONOU A OBRA ALEGANDO DIFICULDADES FINANCEIRAS. MUNICÍPIO ESTA REVISANDO PROJETO E ADEQUAÇÃO PARA LICITAR NOVAMENTE,Não informado,Não informado,09/08/2017,355420.2599999998
Amparo,Atrasada,Municipal,1337821.58,1444805.13,VENUS ENGENHARIA E CONSTRUTORA LTDA,10.359.258/0001-32,PREFEITURA MUNICIPAL DE AMPARO,"Educação - Universidades, Faculdades, Escolas e similares",Não informado,CONSTRUÇÃO DE CRECHE,Não informado,Não informado,05/01/2016,106983.54999999981
Aparecida,Atrasada,Municipal,473177.07,577424.05,CONSTRUTORA EMA DO VALE EIRELLI,29.450.708/0001-26,PREFEITURA MUNICIPAL DE APARECIDA,"Saúde (Hospitais, Postos de Saúde, UBS, CAPS e similares)",Não informado,Obra em andamento com previsão para conclusão em fevereiro de 2019. Esta obra já foi licitada e executada parcialmente por uma empresa que pediu o cancelamento do contrato por não ter condições de concluir o objeto. Foi realizada nova licitação para execução dos serviços que faltavam ser executados e a obra está em andamento. Valor do primeiro contrato = R$ 646235.63 Valor executado do primeiro contrato = R$ 389851.22 Valor do segundo contrato = R$ 473177.07,Não informado,Não informado,10/11/2018,104246.98000000004
Aparecida,Atrasada,Municipal,2959930.16,3385155.05,NEVES E LONGANO LTDA,09.455.936/0001-81,PREFEITURA MUNICIPAL DE APARECIDA,"Saúde (Hospitais, Postos de Saúde, UBS, CAPS e similares)",Não informado,"Obra em andamento, com previsão para conclusão em fevereiro de 2019.",Não informado,Não informado,30/12/2015,425224.88999999966
Araçoiaba da Serra,Paralisada,Municipal,1032074.47,1136908.86,B2X BRASIL EMPREENDIMENTOS LTDA,15.638.772/0001-20,PREFEITURA MUNICIPAL DE ARACOIABA DA SERRA,"Saúde (Hospitais, Postos de Saúde, UBS, CAPS e similares)",Não informado,CONSTRUÇÃO DE UNIDADE BASICA DE SAÚDE NO MORRO ARAÇOIABA,Não informado,Não informado,28/05/2015,104834.39000000013
Atibaia,Paralisada,Municipal,905296.05,1246450.91,LOCMAQ LOCAÇÃO DE EQUIPAMENTOS LTDA ME,10.376.886/0001-26,CAMARA MUNICIPAL DE ATIBAIA,Edificações Administrativas Diversas,01/04/2013,Reforma e Ampliação do Prédio da Câmara Municipal,Av. Nove De Julho,"https://www.google.com/maps/place/C%C3%A2mara+Municipal+da+Est%C3%A2ncia+de+Atibaia/@-23.116306,-465504228.17z/data=!3m1!4b1!4m5!3m4!1s0x94cec0ddb21616d3:0xc0bf9af0a1065ef6!8m2!3d-23.116306!4d-46.5482341",23/02/2013,341154.85999999987
Barretos,Atrasada,Municipal,1298888.87,1395592.27,K&G CONSTRUTORA GARCIA LTDA EPP,04.131.797/0001-17,PREFEITURA MUNICIPAL DE BARRETOS,"Educação - Universidades, Faculdades, Escolas e similares",Não informado,Construção de unidade de ensino Creche Jardim dos Coqueiros  no Município de Barretos-SP- CONTRATO - 193/16 - CC 08/15-  PROC. 24258/2015.,Não informado,Não informado,30/08/2017,96703.3999999999
Barretos,Atrasada,Municipal,3991508.09,4115694.84,DRR CONSTRUÇÕES E COMÉRCIO LTDA,02.607.198/0001-00,PREFEITURA MUNICIPAL DE BARRETOS,"Abastecimento de água - Captação, Adução, Tratamento e similares",Não informado,Canalização do Córrego do Aleixo no município de Barretos-SP- CONTRATO 91/17 - CP 01/17 - PROCESSO 7831/17.,Não informado,Não informado,21/08/2018,124186.75
Boituva,Atrasada,Municipal,277046.1,339275.56,JABRIEL PROJETOS E CONSTRUÇÕES EIRELLI ME,12.760.747/0001-27,PREFEITURA MUNICIPAL DE BOITUVA,"Equipamento urbanos (praças, quadras e similares)",Não informado,Construção Campo de Futebol no Recanto Maravilha,Não informado,Não informado,06/01/2018,62229.46000000002
Botucatu,Atrasada,Estadual,3053000,3173913.83,MCJ FERRARO EMPREENDIMENTOS ME,10.567.156/0001-02,HOSPITAL DAS CLINICAS DA FACULDADE DE MEDICINA DE BOTUCATU - HCFMB,"Saúde (Hospitais, Postos de Saúde, UBS, CAPS e similares)",Não informado,"Contratação de serviços de terceiros com emprego de material e para a construção do refeitório e vestiário central e ampliação da sala de espera da tomografia, medicina nuclear e ressonância magnética do Hospital das Clínicas da Faculdade de Medicina de Botucatu - HCFMB",Não informado,Não informado,25/02/2016,120913.83000000007
Caiuá,Atrasada,Estadual,48460876.88,49333457.04,CIMA ENGENHARIA E EMPREENDIMENTOS LTDA.,75.084.616/0001-97,GABINETE DO SECRETARIO E ASSESSORIAS - SECRETARIA DA ADMINISTRACAO PENITENCIARIA,"Segurança pública (Delegacias, penitenciárias e similares)",Não informado,Execução de obras e serviços de engenharia para a construção do Centro de Detenção Provisória de Caiuá,"Estrada Vicinal de Acesso, Km 1 na altura do Km 634+240m da Rodovia Raposo Tavares (SP 270)",,15/08/2016,872580.1599999964
Cajamar,Atrasada,Municipal,920580.6,952223.31,TETO CONSTRUTORA S/A,13.034.156/0001-35,PREFEITURA MUNICIPAL DE CAJAMAR,"Saúde (Hospitais, Postos de Saúde, UBS, CAPS e similares)",Não informado,Construção de Unidade de Saúde da Família,Não informado,Não informado,30/06/2015,31642.71000000008
Cândido Mota,Atrasada,Municipal,1348877.93,1453479.79,CONSTRUTORA AMARO E EMPREENDIMENTOS LTDA,08.570.555/0001-80,PREFEITURA MUNICIPAL DE CANDIDO MOTA,Infraestrutura Turística,Não informado,Centro de Lazer e Meio Ambiente no Município de Cândido Mota,Rodovia Francisco Gabriel da Mota s/n,"https://www.google.com.br/maps/place/22%C2%B044'24.4%22S+50%C2%B022'19.7%22W/@-22.7400965,-503732196.342m/data=!3m2!1e3!4b1!4m6!3m5!1s0x0:0x0!7e2!8m2!3d-22.7400987!4d-50.3721321",05/08/2017,104601.8600000001
Caraguatatuba,Paralisada,Estadual,220568932.79,249093043.18,SERVENG CIVILSAN S/A EMPRESAS ASSOCIADAS DE ENGENHARIA,48.540.421/0001-31,DESENVOLVIMENTO RODOVIARIO S/A - DERSA,Transporte - Rodovias,31/05/2019,OBRAS E SERVIÇOS DE IMPLANTAÇÃO DO EMPREENDIMENTO NOVA TAMOIOS CONTORNOS - LOTE 1,Não informado,Não informado,02/01/2015,28524110.390000015
Caraguatatuba,Paralisada,Estadual,317157082.16,433231769.99,SERVENG CIVILSAN S/A EMPRESAS ASSOCIADAS DE ENGENHARIA,48.540.421/0001-31,DESENVOLVIMENTO RODOVIARIO S/A - DERSA,Transporte - Rodovias,31/05/2019,OBRAS E SERVIÇOS DE IMPLANTAÇÃO DO EMPREENDIMENTO NOVA TAMOIOS CONTORNOS - LOTE 2,Não informado,Não informado,02/01/2015,116074687.82999998
Carapicuíba,Paralisada,Municipal,1417000,1605137.3,CONSTRUTORA CAMARGO FLUETI LTDA,02.780.649/0001-06,PREFEITURA MUNICIPAL DE CARAPICUIBA,"Educação - Universidades, Faculdades, Escolas e similares",Não informado,"Construção da Escola Proinfancia Tipo II -  Rua Capanema  Tendo em vista a contenção apresentada posterior a licitação. Não houve  por parte da contratada interesse em firmar novo aditivo de prazo, o que tornou inviavel a possibilidade de dar seguimento na construçõa da unidade Escolar. Outrossim informo que a municipalidade ja encaminhou para o departamento de licitações e compras os tramites para a publicação de uma nova licitação conforme Processo Administrativo nº 38927/2018",Não informado,Não informado,30/05/2018,188137.30000000005
Carapicuíba,Paralisada,Municipal,523614.1,631048.62,CONSTRUTORA PAIVA NOGUEIRA LTDA,64.880.263/0001-15,PREFEITURA MUNICIPAL DE CARAPICUIBA,"Educação - Universidades, Faculdades, Escolas e similares",Não informado,"Construção da Quadra Coberta com Vestuario Rua Capanema:  Tendo em vista problemas de contenção apresentado  Não houve por parte da contratada interesse em firmar novo termo aditivo de prazo, o que tornou inviavel a possibilidade de dar seguimento a construção. A municipalidade já tomou os tramites legais para a publicação de uma nova licitação conforme processo administrativo 38.927/2018",Não informado,Não informado,21/08/2017,107434.52000000002
Cerqueira César,Atrasada,Municipal,8573945.6,10707627.55,DP BARROS - PAVIMENTAÇÃO E CONSTRUÇÃO LTDA,04.780.776/0001-22,PREFEITURA MUNICIPAL DE CERQUEIRA CESAR,"Esgotamento sanitário - Rede coletora, estações de tratamento e similares",Não informado,IMPLANTAÇÃO DO SISTEMA DE TRATAMENTO E AFASTAMENTO DE ESGOTO URBANO\n,Não informado,Não informado,05/03/2015,2133681.950000001
Colina,Paralisada,Municipal,2333290.17,2848877.14,NÃO POSSUI CONTRATO EM VIGÊNCIA,00.000.000/0000-00,PREFEITURA MUNICIPAL DE COLINA,Habitação,16/06/2012,Execução do Centro Cultural de Colina,Não informado,Não informado,10/01/2009,515586.9700000002
Cravinhos,Paralisada,Municipal,1282610.5,1411650.64,CONSTRUBRASS CONSTRUTORA LTDA EPP,10.450.429/0001-34,PREFEITURA MUNICIPAL DE CRAVINHOS,"Educação - Universidades, Faculdades, Escolas e similares",19/02/2019,"01 (uma) unidade de educação infantil – creche padrão da Fundação para o Desenvolvimento da Educação – FDE do Estado de São Paulo, obra esta localizada na Rua Soldado Raimundo Xavier, S/Nº Bairro Jardim Santa Cruz, estava sendo executada pela empresa Construbrass Construtora Ltda – EPP, inscrita no CNPJ: 10.450.429/0001-34 e inscrição estadual 424.060.814.112.",Rua Soldado Raimundo Xavier,,14/08/2016,129040.1399999999
Diadema,Paralisada,Municipal,7274543.03,7389325.74,"H.E. ENGENHARIA, COMÉRCIO E REPRESENTAÇÕES LTDA",62.533.278/0001-81,PREFEITURA MUNICIPAL DE DIADEMA,Habitação,Não informado,Urbanização e Construção de Unidades Habitacionais no Loteamento Iguassú.,Não informado,Não informado,25/04/2018,114782.70999999996
Dirce Reis,Paralisada,Municipal,1332814.49,1363650.56,ELCABRÁS METALURGICA EIRELI EPP,04.995.840/0001-92,PREFEITURA MUNICIPAL DE DIRCE REIS,"Educação - Universidades, Faculdades, Escolas e similares",10/09/2018,Construção do Prédio destinado a Creche e Pré-Escola no Município de Dirce Reis/SP.,Não informado,Não informado,04/03/2016,30836.070000000065
Dolcinópolis,Atrasada,Municipal,414555.34,418371.2,CONSTRUTORA TRAPÉZIO FERNANDÓPLIS EIRELI,05.695.347/0001-10,PREFEITURA MUNICIPAL DE DOLCINOPOLIS,"Saúde (Hospitais, Postos de Saúde, UBS, CAPS e similares)",Não informado,"UNIDADE BÁSICA DE SAÚDE BENEDITO ABEL, SITO RUA SANTO ANTONIO, Nº 1340, DOLCINÓPOLIS-SP.\nOBRA 100% CONCLUÍDA, COM ALGUNS APONTAMENTOS SENDO SOLUCIONADOS E COM PREVISÃO DE ATÉ DIA 05 DE FEVEREIRO DE 2019 A SER INAUGURADA.",Não informado,Não informado,27/07/2014,3815.859999999986
Dracena,Atrasada,Municipal,646383.62,674300.74,OSVALDO DE SOUZA LOBO-ME,56.538.184/0001-00,PREFEITURA MUNICIPAL DE DRACENA,"Saúde (Hospitais, Postos de Saúde, UBS, CAPS e similares)",Não informado,"Contratação de empresa especializada, com fornecimento de mão-de-obra, materiais e equipamentos necessários, para a construção de UBS (Unidades Básicas de Saúde) de Porte II, localizada no Bairro Campo Belo II, em Dracena/SP.",Não informado,Não informado,20/05/2015,27917.119999999995
Franco da Rocha,Atrasada,Municipal,341637.83,384300.19,FACCHIN CONSTRUÇÕES LTDA,08.469.841/0001-84,PREFEITURA MUNICIPAL DE FRANCO DA ROCHA,"Equipamento urbanos (praças, quadras e similares)",Não informado,"Constitui-se objeto do presente instrumento a  Contratação de empresa especializada para execução de obras de Modernização do Complexo Esportivo localizado na Avenida Giovani Rinaldi – Parque Vitória no município de Franco da Rocha – SP, tudo com fornecimento de mão de obra, máquinas, equipamentos, ferramentas, veículos e materiais necessários, conforme as condições e as especificações técnicas do Edital de Tomada de Preços nº 005/2015.",Não informado,Não informado,13/06/2016,42662.359999999986
Guarujá,Atrasada,Municipal,8180976.74,10398725.14,CONSTRUTORA E INCORPORADORA BEIRA MAR LTDA.,65.819.526/0001-43,PREFEITURA MUNICIPAL DE GUARUJA,"Equipamento urbanos (praças, quadras e similares)",Não informado,Reforma e adequação do estádio municipal Antônio Fernandes,R. Brasilina Desiderio,"https://www.google.com.br/maps/place/Jardim+Primavera,+Guaruj%C3%A1+-+SP,+11431-260/@-23.9945068,-462729591.17z/data&#x3D;!4m5!3m4!1s0x94d1fe194b900e55:0x35618b1b8b628749!8m2!3d-23.9943255!4d-46.2710064",01/07/2014,2217748.4000000004
Guarujá,Atrasada,Estadual,8477980.38,10889250.22,LEMAM CONSTRUÇÕES E COMÉRCIO S/A,69.048.254/0001-86,COMPANHIA DE DESENVOLVIMENTO HABITACIONAL E URBANO DO ESTADO DE SAO PAULO - CDHU,Habitação,Não informado,Execução de obras e serviços de engenharia para recuperação e obtenção do auto de vistoria do Corpo de Bombeiros (AVCB).,Não informado,Não informado,19/03/2019,2411269.84
Guarulhos,Atrasada,Estadual,59645097.63,67918246.61,"ETEMP ENGENHARIA, INDÚSTRIA E COMÉRCIO LTDA",53.063.798/0001-87,COMPANHIA DE DESENVOLVIMENTO HABITACIONAL E URBANO DO ESTADO DE SAO PAULO - CDHU,Habitação,Não informado,"Execução de obras e serviços de engenharia para realização de empreendimento composto de 228 unidades habitacionais e demais serviços, intervenções em domicílios remanescentes, urbanismo e infraestrutura da área.",Não informado,Não informado,05/07/2019,8273148.979999997
Ilhabela,Paralisada,Municipal,17565834.4,20633424.52,ENGEBASE CONSTRUÇÃO E GERENCIAMENTO LTDA,05.097.082/0001-58,PREFEITURA MUNICIPAL DE ILHABELA,Habitação,Não informado,Construção do Novo Paço Municipal de Ilhabela\n,Não informado,Não informado,16/06/2016,3067590.120000001
Iracemápolis,Atrasada,Municipal,7765304.5,8356060.62,VICI CONSTRUTORA LTDA,60.676.616/0001-09,PREFEITURA MUNICIPAL DE IRACEMAPOLIS,"Abastecimento de água - Captação, Adução, Tratamento e similares",Não informado,Implantação de Sistema de água tratada de rede coletora de esgoto e tratamento,Rua Capitão Paulo Simões,"https://www.google.com.br/maps/@-22.582357,-47517848.18.96z?hl=pt-PT",15/02/2016,590756.1200000001
Itanhaém,Atrasada,Municipal,8699504.85,9920413.51,F.V.LITORAL COSNTRUÇOES LTDA,02.901.782/0001-65,PREFEITURA MUNICIPAL DE ITANHAEM,"Educação - Universidades, Faculdades, Escolas e similares",Não informado,"CONSTRUÇÃO DE ESCOLA MUNICIPAL, GINASIO, COMPO DE FUTEBOL E CASA DE CASEIRO",Não informado,Não informado,09/08/2016,1220908.6600000001
Itanhaém,Atrasada,Municipal,437149.93,517621.83,TECNOBRASIL CONSTRUÇÕES E MULTISERVIÇOS LTDA - ME,05.697.047/0001-70,PREFEITURA MUNICIPAL DE ITANHAEM,"Saúde (Hospitais, Postos de Saúde, UBS, CAPS e similares)",Não informado,REFORMA E ADEQUAÇÃO DO PRÉDIO PARA IMPLANTAÇÃO DO CINI (CENTRO DE INFECTOLOGIA DE ITANHAÉM),Não informado,Não informado,24/04/2016,80471.90000000002
Itapuí,Atrasada,Municipal,1465915.61,1526562.48,MB ENGENHARIA E CONSTRUÇÕES LTDA-EEP,07.168.193/0001-33,PREFEITURA MUNICIPAL DE ITAPUI,"Educação - Universidades, Faculdades, Escolas e similares",Não informado,CONSTRUÇÃO DE CRECHE-ESCOLA NO BAIRRO MAR AZUL,Não informado,Não informado,01/08/2016,60646.86999999988
Itirapina,Atrasada,Municipal,2412662.72,3136660.65,B ESSE CONSTRUTORA EIRELI,00.292.256/0001-10,PREFEITURA MUNICIPAL DE ITIRAPINA,Habitação,Não informado,"Construção de 42 Unidades Habitacionais - Projeto Bororós, Itirapina C.  OBS: Os valores de repasse pela CDHU sofreram reajuste anuais todo mês de Fevereiro de cada ano. Data base de referência Fevereiro/2013. Pedido de suplementação de valor para pagamento da última medição encaminhada para Câmara Municipal de Itirapina.",Avenida Perimetral,"https://www.google.com.br/maps/place/22%C2%B014'35.6%22S+47%C2%B048'32.4%22W/@-22.2432158,-478095592.19z/data=!3m1!4b1!4m14!1m7!3m6!1s0x94c7925124bc5e31:0xbf79b839b422c6ed!2sAv.+Perimetral,+709-671+-+Jardim+Nova+Itirapina,+Itirapina+-+SP,+13530-000!3b1!8m2!3d-22.243295!4d-47.8090412!3m5!1s0x0:0x0!7e2!8m2!3d-22.2432174!4d-47.8090124",11/11/2014,723997.9299999997
Jardinópolis,Paralisada,Estadual,7622427.31,7730075.32,ÔNIX CONSTRUÇÕES S/A,07.807.573/0001-70,DEPARTAMENTO DE AGUAS E ENERGIA ELETRICA - DAEE,"Esgotamento sanitário - Rede coletora, estações de tratamento e similares",Não informado,"Execução de obras e serviços para implantação do sistema de afastamento e tratamento de esgoto sanitário urbano, no Município de Jardinópolis, no Estado de São Paulo",Não informado,Não informado,21/06/2015,107648.01000000071
José Bonifácio,Atrasada,Municipal,1811792.76,2040740.22,FBR PROJETOS E CONSTRUÇÃOES LTDA,11.733.445/0001-05,PREFEITURA MUNICIPAL DE JOSE BONIFACIO,"Educação - Universidades, Faculdades, Escolas e similares",Não informado,CONSTRUÇÃO DE CRECHE/PRÉ-ESCOLA,Não informado,Não informado,12/03/2017,228947.45999999996
Laranjal Paulista,Paralisada,Municipal,233627.35,233627.37,TSX ENGENHARIA E CONSTRUÇÃO EIRELI – EPP,21.933.595/0001-08,PREFEITURA MUNICIPAL DE LARANJAL PAULISTA,"Equipamento urbanos (praças, quadras e similares)",04/10/2017,Reforma Complexo Esportivo,Não informado,Não informado,27/12/2016,0.01999999998952262
Lavínia,Atrasada,Estadual,49347329.84,50939968.12,CIMA ENGENHARIA E EMPREENDIMENTOS LTDA.,75.084.616/0001-97,SECRETARIA DA ADMINISTRACAO PENITENCIARIA,"Segurança pública (Delegacias, penitenciárias e similares)",Não informado,"CETESB exigiu uma Estação de Tratamento de Esgoto diferenciada, com alta eficiência, devido a situação atual do corpo hídrico onde serão lançados os efluentes tratados. A análise/aprovação da ETE pela CETESB demandou tempo demasiado, sendo aprovada apenas em 25/09/2017. Agora encontra se no período de confecção dos equipamentos.",Não informado,Não informado,15/08/2016,1592638.2799999937
Louveira,Atrasada,Municipal,6135546.78,6697546.28,"INPLENITUS PROJETOS, GERENCIAMENTOS E FISCALIZAÇÃO DE OBRAS LTDA.",11.076.028/0001-29,PREFEITURA MUNICIPAL DE LOUVEIRA,Mobilidade urbana - vias urbanas,Não informado,"Elaboração de Projetos Básicos e Executivos de Engenharia, objetivando a implantação de um novo sistema de tráfego viário, contendo novas vias, novas transposições e adequações no Município de Louveira.  Atrasos justificados, pois houve várias alterações de projeto para conformação com situações imprevisíveis (aprovação na Cetesb e Concessionárias AUTOBAN, ALL , entre outros), sendo assim necessitou de tempo para execução.",Não informado,Não informado,18/08/2017,561999.5
Matão,Paralisada,Municipal,614000,652687.33,JORDÃO E BERGAMIN LTDA,04.550.056/0001-70,PREFEITURA MUNICIPAL DE MATAO,"Segurança pública (Delegacias, penitenciárias e similares)",Não informado,Demolição da antiga Cadeia Pública de Matão e construção de prédio para abrigar Delegacia de Defesa da Mulher e Ciretran de Matão,Não informado,Não informado,21/10/2010,38687.32999999996
Monte Aprazível,Paralisada,Municipal,1370602.81,1460359.15,ELCABRÁS METALURGICA EIRELI EPP,04.995.840/0001-92,PREFEITURA MUNICIPAL DE MONTE APRAZIVEL,"Equipamento urbanos (praças, quadras e similares)",Não informado,"A obra trata-se da construção de uma creche, a obra iniciou-se em 2015, transcorrendo desde seu inicio com extrema dificuldade financeira da empresa executora, no entanto não houve naquele momento interesse da prefeitura em rompimento do contrato, transcorrido mais de 12 meses sem real avanço na execução da obra a empresa informou que não teria mais condições de continuar a empreitada, dessa forma ocorrendo então o rompimento do contrato. No momento estamos em fase de reprogramação do saldo contratual para o termino dos serviço e após a aprovação iremos realizar nova licitação para terminarmos a obra.",Não informado,Não informado,18/03/2016,89756.33999999985
Novais,Atrasada,Municipal,1318537.96,1420923.15,CONSTRUTORA CONCIL CAJOBO LTDA - EPP,17.393.734/0001-80,PREFEITURA MUNICIPAL DE NOVAIS,"Educação - Universidades, Faculdades, Escolas e similares",Não informado,Construção de Creche Escola - FDE - com Capacidade para  150 crianças,Não informado,Não informado,22/09/2016,102385.18999999994
Olímpia,Atrasada,Estadual,20666631.12,23580941.56,ETC EMPREENDIMENTOS E TECNOLOGIA EM CONSTRUÇÕES LTDA.,03.193.191/0001-43,DEPARTAMENTO DE AGUAS E ENERGIA ELETRICA,"Esgotamento sanitário - Rede coletora, estações de tratamento e similares",Não informado,"Execução de obras e serviços para implantação de sistema de afastamento e tratamento de esgoto sanitário urbano, no Município de Olímpia, no Estado de São Paulo",Não informado,Não informado,21/11/2014,2914310.4399999976
Panorama,Paralisada,Estadual,260532,276236.21,ELGEL ELETRICIDADE E ENGENHARIA LTDA,67.343.533/0001-47,TRIBUNAL DE JUSTICA DO ESTADO DE SAO PAULO - TJ SP,Energia - distribuição (rede interna urbana e similares),Não informado,"Reforma das instalações elétricas da edificação, e obras auxiliares para o Fórum da Comarca de Panorama.",Não informado,Não informado,30/08/2017,15704.210000000021
Peruíbe,Paralisada,Municipal,892453.31,901938.53,EMPENHO CONSTRUÇÕES S/C LTDA,04.330.591/0001-16,PREFEITURA MUNICIPAL DE PERUIBE,"Educação - Universidades, Faculdades, Escolas e similares",Não informado,CONSTRUÇÃO DE CRECHE NO BALNEÁRIO ANTONIO NOVAES,RUA 17 ESQUINA COM RUA 8,,05/02/2016,9485.219999999972
Peruíbe,Atrasada,Estadual,8748851.18,8833077.95,TECNOJAD CONSTRUTORA LTDA.,10.292.398/0001-30,COMPANHIA DE DESENVOLVIMENTO HABITACIONAL E URBANO DO ESTADO DE SAO PAULO - CDHU,Habitação,Não informado,Execução de obras e serviços de engenharia para a realização de empreendimento.,Não informado,Não informado,02/04/2019,84226.76999999955
Pirassununga,Paralisada,Municipal,675000,675000.3,CONSTRUMETA CONSTRUÇÃO CIVIL LTDA,00.957.707/0001-90,PREFEITURA MUNICIPAL DE PIRASSUNUNGA,"Educação - Universidades, Faculdades, Escolas e similares",Não informado,"construção do centro dia do idoso  PS= não há ícone de promoção social na classificação, item 05 desse questionário, por isso foi preenchido como educação uma vez que o preenchimento é obrigatório.",Não informado,Não informado,07/07/2015,0.30000000004656613
Pirassununga,Atrasada,Municipal,1388888.88,1439205.44,FANOR CONSTRUTORA E INCORPORADORA LTDA EPP,10.724.954/0001-09,PREFEITURA MUNICIPAL DE PIRASSUNUNGA,"Educação - Universidades, Faculdades, Escolas e similares",Não informado,CONSTRUÇÃO DE CRECHE PADRÃO,Não informado,Não informado,04/05/2018,50316.560000000056
Porto Ferreira,Atrasada,Municipal,1374816.42,1467263.18,CONSTRUTORA AUMARIS LTDA,67.325.118/0001-60,PREFEITURA MUNICIPAL DE PORTO FERREIRA,"Educação - Universidades, Faculdades, Escolas e similares",Não informado,"Execução de Obra de Engenharia para REFORMA E AMPLIAÇÃO DA E.M.E.F. PROFª RUTH BARROSO TEIXEIRA na RUA ARGEMIRO GOMES, Nº 700 - PARQUE RESIDENCIAL PORTO BELLO e  para REFORMA E ADEQUAÇÃO (CRECHE E E.M.E.I.) DO CAIC PROFESSOR JOÃO TEIXEIRA na RUA MIGUEL UCHELLI, nº 575 - JARDIM INDEPENDÊNCIA ambas no Município de Porto Ferreira. - Contrato nº 092/2018 - Concorrência Pública nº 06/2018.  OBS: Em relação ao objeto licitado, cujo prazo de execução era de 120 Dias, iniciados a partir da Ordem de Serviço que foi assinada pela Contratada em 24/09/2018, a obra encontra-se atrasada, pois deveria ter sido concluída em 21/01/2019. No entanto, cumpre informar que houve Aditamento de Prazo, ficando o novo término para 22/04/2019, ou seja, o contrato encontra-se vigente.","Rua Argemiro Gomes, 700 - Pq. Residencial Porto Belo",,21/01/2019,92446.76000000001
Rafard,Atrasada,Municipal,13429850.69,15270495.32,CONSTRUTORA VIASOL LTDA - EPP,12.049.132/0001-97,PREFEITURA MUNICIPAL DE RAFARD,Habitação,Não informado,"Conjunto Habitacional Rafard-B,  PRAZO INICIAL: 18 MESES – término previsto para 06/2016 PRAZO INICIAL C/ PRORROGAÇÃO: 51 MESES – término previsto para 03/2019",RUA EUGÊNIO TEZOTO,"https://www.google.com.br/maps/@-23.0233407,-475318569.19.38z",08/06/2016,1840644.6300000008
Ribeirão Pires,Atrasada,Municipal,907613.82,937723.91,COSTA LESTE CONSTRUTORA E SERVIÇOS LTDA,19.484.859/0001-41,PREFEITURA MUNICIPAL DE RIBEIRAO PIRES,"Saúde (Hospitais, Postos de Saúde, UBS, CAPS e similares)",Não informado,construção da UBS da Quarta Divisão,Estrada da Sondália ,"https://www.google.com.br/maps/@-23.6586647,-463690794.20.75z",01/03/2019,30110.090000000084
Ribeirão Preto,Paralisada,Estadual,70000,70097.1,INTEGRAL AMBIENTIZAÇÃO EIRELI EPP,21.072.964/0001-15,FACULDADE DE MEDICINA DE RIBEIRAO PRETO - FMRP - USP,"Educação - Universidades, Faculdades, Escolas e similares",09/02/2018,"Instalação do sistema de ar-condicionado na sala de aula de cultura, bloco D do Departamento de Genética",Avenida dos Bandeirantes,"https://www.google.com.br/maps/@-21.1693337,-478596177.21z",29/12/2017,97.10000000000582
Rio Claro,Paralisada,Municipal,3192427,3879698.69,WISDOM – CONSTRUTORA E MONTAGEM LTDA.,05.300.279/0001-42,PREFEITURA MUNICIPAL DE RIO CLARO,"Educação - Universidades, Faculdades, Escolas e similares",16/12/2016,"Em 2011 o Município firmou o Contrato n° 141/2011 (oriundo do Edital n° 101/2011), firmado no valor de R$3192.427.00, com a Empresa WISDOM CONSTRUTORA E MONTAGEM LTDA – EPP, que se destinava à construção de Unidade Escolar, denominada “Sueli Aparecida Marin” e, quadra poliesportiva coberta, com fornecimento de material e mão de obra. Ressalta-se que a vigência inicial do referido contrato era de 11 meses a partir da emissão da Ordem de Serviço.    Entretanto, cerca de cinco anos depois e, após gastos na ordem de R$3578627.39, a obra foi abandonada, sendo lavrado, de forma amigável, o Termo de Rescisão Contratual n° 251/2016.",Não informado,Não informado,19/08/2012,687271.69
Sales Oliveira,Atrasada,Municipal,1417233.41,1421453.25,PROJETTAR ENGENHARIA E MANUTENÇÃO EIRELI - ME,23.933.095/0001-00,PREFEITURA MUNICIPAL DE SALES OLIVEIRA,"Equipamento urbanos (praças, quadras e similares)",Não informado,Construção de Creche Escola,Não informado,Não informado,23/07/2015,4219.840000000084
Santa Bárbara d'Oeste,Paralisada,Municipal,2152796.02,2221333.62,PLANER ENGENHARIA LTDA,61.980.538/0001-02,PREFEITURA MUNICIPAL DE SANTA BARBARA D OESTE,"Saúde (Hospitais, Postos de Saúde, UBS, CAPS e similares)",14/04/2014,"Construção de Unidade de Pronto Atendimento - UPA II"" """,Não informado,Não informado,10/07/2012,68537.6000000001
São Bernardo do Campo,Paralisada,Municipal,17394634.17,17742409.47,H. GUEDES - ENGENHARIA,60.873.809/0001-50,PREFEITURA MUNICIPAL DE SAO BERNARDO DO CAMPO,"Educação - Universidades, Faculdades, Escolas e similares",Não informado,Construção de Centro de Educação Unificado - CEU  Jardim Silvina.,Não informado,Não informado,15/09/2011,347775.299999997
São José do Rio Preto,Atrasada,Estadual,5599361.94,6509901.75,PRELCAN CONSTRUÇÃO E COMÉRCIO LTDA - EPP,03.825.911/0001-46,COMPANHIA DE DESENVOLVIMENTO HABITACIONAL E URBANO DO ESTADO DE SAO PAULO - CDHU,Habitação,Não informado,"C.H. Sâo José do Rio Preto C - Quadras Q, R, T, U e V - Contrato nº 040/16 Execução de Obras de engenharia para adequação das áreas comuns e reforma dos edifícios, para obtenção do Habite-si e AVCB destes prédios.",Não informado,Não informado,06/12/2017,910539.8099999996
São Paulo,Atrasada,Estadual,7317068.48,8810672.22,INCORPLAN ENGENHARIA LTDA.,04.147.114/0001-10,COMPANHIA DE DESENVOLVIMENTO HABITACIONAL E URBANO DO ESTADO DE SAO PAULO - CDHU,Habitação,Não informado,Execução de obras e serviços de engenharia para a realização de empreendimento composto de 60 unidades habitacionais e demais serviços.,Não informado,Não informado,12/06/2019,1493603.7400000002
São Paulo,Paralisada,Estadual,604170644.64,688363817.17,CONSTRUTORA OAS S/A.,14.310.577/0001-04,DESENVOLVIMENTO RODOVIARIO S/A - DERSA,Transporte - Rodovias,Não informado,EXECUÇÃO DE OBRAS DE IMPLANTAÇÃO DO TRECHO NORTE DO RODOANEL MARIO COVAS - LOTE II,Não informado,Não informado,25/02/2016,84193172.52999997
São Paulo,Atrasada,Estadual,191663760.85,272955080,BOMBARDIER CONSORTIUM,14.483.513/0001-05,COMPANHIA DO METROPOLITANO DE SAO PAULO - METRO,Transporte - Ferrovias,Não informado,"PRESTAÇÃO DE SERVIÇOS ESPECIALIZADOS DE ENGENHARIA PARA EXECUÇÃO DO PROJETO EXECUTIVO, FORNECIMENTO E IMPLANTAÇÃO DO SISTEMA DE SINALIZAÇÃO E CONTROLE DE TRENS, DO SISTEMA DE CONTROLE CENTRALIZADO, DO SISTEMA DE TRANSMISSÃO DE DADOS E DO SISTEMA DE PORTAS DE PLATAFORMA PARA A LINHA 5 - LILÁS DA COMPANHIA DO METROPOLITANO DE SÃO PAULO - METRÔ.",Não informado,Não informado,07/02/2014,81291319.15
São Paulo,Atrasada,Estadual,88735221.68,110065924.74,CONSÓRCIO TRAÇÃO MONORAIL LINHA VERDE,16.837.953/0001-49,COMPANHIA DO METROPOLITANO DE SAO PAULO - METRO,Transporte - Ferrovias,Não informado,"FORNECIMENTO E IMPLANTAÇÃO DOS SISTEMAS DE ALIMENTAÇÃO ELÉTRICA E AUXILIARES PARA AS ESTAÇÕES VILA PRUDENTE E ORATÓRIO, INCLUINDO O TERMINAL DE ÔNIBUS E O PÁTIO ORATÓRIO DO SISTEMA MONOTRILHO DA LINHA 15–PRATA DA COMPANHIA DO METROPOLITANO DE SÃO PAULO","Av. Mutinga, ",,20/02/2014,21330703.059999987
São Paulo,Paralisada,Estadual,646340371.22,743990143.54,CONSÓRCIO CONSTRUCAP - COPASA (RODOANEL NORTE),17.534.128/0001-38,DESENVOLVIMENTO RODOVIARIO S/A - DERSA,Transporte - Rodovias,25/03/2019,EXECUÇÃO DE OBRAS DE IMPLANTAÇÃO DO TRECHO NORTE DO RODOANEL MARIO COVAS - LOTE V,Não informado,Não informado,25/02/2016,97649772.31999993
São Paulo,Atrasada,Estadual,182038896.67,208148898.79,CONSÓRCIO TIDP LINHA 17 - OURO ,18.242.709/0001-69,COMPANHIA DO METROPOLITANO DE SAO PAULO - METRO,Transporte - Ferrovias,Não informado,"EXECUÇÃO DAS OBRAS CIVIS, CONTEMPLANDO OBRA BRUTA, ACABAMENTO, COMUNICAÇÃO VISUAL, HIDRÁULICA E PAISAGISMO DAS ESTAÇÕES CONGONHAS, JARDIM AEROPORTO, BROOKLIN PAULISTA E VEREADOR JOSÉ DINIZ DA LINHA 17-OURO DA COMPANHIA DO METROPOLITANO DE SÃO PAULO – METRÔ – LOTE Nº 1",Não informado,Não informado,16/07/2015,26110002.120000005
São Paulo,Atrasada,Estadual,162196392.08,191746084.38,CONSÓRCIO LINHA 17 - OURO,25.116.622/0001-00,COMPANHIA DO METROPOLITANO DE SAO PAULO - METRO,Transporte - Ferrovias,Não informado,"EXECUÇÃO DO REMANESCENTE DAS OBRAS CIVIS, CONTEMPLANDO OBRA BRUTA E ACABAMENTO DO PÁTIO ÁGUA ESPRAIADA DA LINHA 17-0URO DA COMPANHIA DO METROPOLITANO DE SÃO PAULO-METRÔ.",Não informado,Não informado,28/02/2018,29549692.299999982
São Paulo,Atrasada,Estadual,34160265.03,42496003.39,SIMETRICA ENGENHARIA LTDA,57.510.596/0001-97,HOSPITAL DAS CLINICAS DA FACULDADE DE MEDICINA DA UNIVERSIDADE DE SAO PAULO - HCFMUSP,"Saúde (Hospitais, Postos de Saúde, UBS, CAPS e similares)",Não informado,"Obra de reforma, Ampliação e Adequação para UTI  11 Pavimento",Não informado,Não informado,05/12/2014,8335738.359999999
São Paulo,Paralisada,Estadual,788021820.59,830506602.93,ACCIONA CONSTRUCCIÓN S.A,03.503.152/0001-03,DESENVOLVIMENTO RODOVIARIO S/A - DERSA,Transporte - Rodovias,02/05/2019,EXECUÇÃO DE OBRAS DE IMPLANTAÇÃO DO TRECHO NORTE DO RODOANEL MARIO COVAS - LOTE IV,Não informado,Não informado,25/02/2016,42484782.339999914
São Paulo,Atrasada,Estadual,14372253.99,15385538.07,RODOSERV ENGENHARIA LTDA.,15.108.349/0001-19,FUNDACAO BUTANTAN,"Saúde (Hospitais, Postos de Saúde, UBS, CAPS e similares)",Não informado,Reforma de adequação do Laboratório de Envase II - Bosch II,Não informado,Não informado,13/09/2018,1013284.0800000001
São Paulo,Paralisada,Estadual,61519312.84,93682753.96, CONSTRUTORA CVS S/A ,47.423.637/0015-4,GABINETE DO SECRETARIO,"Educação - Universidades, Faculdades, Escolas e similares",Não informado,CONTRATAÇÃO DE EMPRESA PARA EXECUÇÃO DE OBRAS DE RESTAURO REFORMA E CONSTRUÇÃO DE EDIFICAÇÕES DO MUSEU DA HISTORIA DO ESTADO DE SÃO PAULO,Rua Maria Domitila,"https://www.google.com/maps/place/R.+Maria+Domitila,+79+-+Br%C3%A1s,+S%C3%A3o+Paulo+-+SP,+03003-010/@-23.5461001,-46627917.17z/data=!3m1!4b1!4m5!3m4!1s0x94ce59026b9c56ff:0xbfea995fff8d2c93!8m2!3d-23.5461001!4d-46.6257283",22/02/2011,32163441.11999999
São Paulo,Paralisada,Estadual,5786835.83,8479427.05,"VEDOS ARQUITETURA, CONSTRUÇÕES E EMPREENDIMENTOS LTDA.",50.683.671/0001-72,SUPERINTENDENCIA DO ESPACO FISICO -  SEF - USP,"Educação - Universidades, Faculdades, Escolas e similares",16/10/2017,"Execução das obras para a ampliação e reforma do Edifício de Pesquisa da FOFITO - Fonoaudiologia, Fisioterapia e Terapia Ocupacional, da Faculdade de Medicina da USP .",Rua Cipotânea,,06/08/2014,2692591.2200000007
São Vicente,Paralisada,Municipal,450056.36,505341.14,CONSTRUTORA ALLAN LTDA-ME,08.630.358/0001-00,PREFEITURA MUNICIPAL DE SAO VICENTE,"Saúde (Hospitais, Postos de Saúde, UBS, CAPS e similares)",Não informado,"Proposta 118994130001/10-004 - Construção Estratégia Saúde da Família - ESF Sá Catarina de Moraes - Porte III\nRua Travessa do Parque, s/nº - Catiapoã - São Vicente/SP - 11.365-330",Não informado,Não informado,12/07/2015,55284.78000000003
São Vicente,Paralisada,Municipal,460372.16,920671.44,A OBRA - CONSTRUÇÕES E REFORMAS LTDA,14.088.972/0001-94,PREFEITURA MUNICIPAL DE SAO VICENTE,"Saúde (Hospitais, Postos de Saúde, UBS, CAPS e similares)",Não informado,"Proposta 118994130001/13-001 - Unidade de Pronto Atendimento - UPA Humaitá - Porte III\nRua João Rigueiro, s/nº - Humaitá - São Vicente/SP - 11.349-000\n",Não informado,Não informado,23/04/2015,460299.27999999997
São Vicente,Paralisada,Municipal,503671.04,513222.21,A OBRA - CONSTRUÇÕES E REFORMAS LTDA,14.088.972/0001-94,PREFEITURA MUNICIPAL DE SAO VICENTE,"Saúde (Hospitais, Postos de Saúde, UBS, CAPS e similares)",Não informado,"Proposta 118994130001/10-005 - Construção Estratégia Saúde da Família - ESF Nova São Vicente\nRua Celeste Diegues Oliveira, s/nº - Vila Nova São Vicente - 11.346-350\n",Não informado,Não informado,01/09/2015,9551.170000000042
Sarapuí,Atrasada,Municipal,1235115.27,1467231.43,SOROBASE ENGENHARIA E CONSTRUÇÃO LTDA,08.684.633/0001-78,PREFEITURA MUNICIPAL DE SARAPUI,"Educação - Universidades, Faculdades, Escolas e similares",Não informado,"Serviços remanescentes de engenharia, para conclusão da construção da creche Padrão CR-01, com fornecimento de mão de obra, materiais, máquinas e equipamentos necessários. (serviços remanescentes da Concorrência Pública 01/2014)",Não informado,Não informado,08/11/2017,232116.15999999992
Sumaré,Paralisada,Municipal,1997248.44,2371682.06,SERTENGE CONSTRUTORA LTDA.,10.764.547/0001-17,PREFEITURA MUNICIPAL DE SUMARE,"Educação - Universidades, Faculdades, Escolas e similares",30/10/2017,Escola do Jardim Orquídeas - E.M.E.F. Jardim das Orquídeas,RUA ALBERTO REDAELI,"https://www.google.com.br/maps/place/R.+Alberto+Redaeli,+66+-+Parque+Res.+Virginio+Basso,+Sumar%C3%A9+-+SP/@-22.8072033,-47273361.96m/data=!3m1!1e3!4m5!3m4!1s0x94c897dffd93c275:0x2406a2c84123fe3d!8m2!3d-22.8071174!4d-47.2730499?hl=pt-BR",25/11/2014,374433.6200000001
Suzano,Atrasada,Estadual,31864491.48,34840463.99,SCOPUS CONSTRUTORA E INCORPORADORA LTDA,49.723.802/0001-19,HOSPITAL DAS CLINICAS DA FACULDADE DE MEDICINA DA UNIVERSIDADE DE SAO PAULO - HCFMUSP,"Saúde (Hospitais, Postos de Saúde, UBS, CAPS e similares)",Não informado,Obra de Reforma e Ampliação do Prédio Principal e Construção do Prédio Novo do Hospital Auxiliar de Suzano,Não informado,Não informado,17/10/2014,2975972.5100000016
Taiaçu,Paralisada,Municipal,959692.13,1112494.22,BEKAELY EMPREENDIMENTOS E COMÉRCIO LTDA - ME,05.728.949/0001-26,PREFEITURA MUNICIPAL DE TAIACU,"Educação - Universidades, Faculdades, Escolas e similares",24/10/2015,CONSTRUÇÃO DE CRECHE ESCOLA FDE - SECRETARIA DA EDUCAÇÃO,Não informado,Não informado,28/05/2013,152802.08999999997
Tanabi,Atrasada,Estadual,2342788.17,71494323,ENGENIL DE NIPOÃ CONSTRUTORA LTDA,09.106.400/0001-09,COMPANHIA DE DESENVOLVIMENTO HABITACIONAL E URBANO DO ESTADO DE SAO PAULO - CDHU,Habitação,Não informado,"CH Tanabi B -  cont. 160/18 Execução de obras e serviços de engenharia para realização de empreendimento composto de 30 unidades habitacionais tipo TI22A-01 - 02 dormitórios, que será entregue em uma fase, serviço de infraestrutura da rede de drenagem será executado no convenio, as redes de água e esgoto serão executadas pela PM, e não forma iniciadas, a rede de energia elétrica será executada pela concessionaria CPFL. Estão em execução os serviço de radier, 1/2 alvenaria e respaldo",Não informado,Não informado,17/08/2020,69151534.83
Taquaritinga,Paralisada,Municipal,1649046,1920257,VODAOIL SERVIÇOS DE PETRÓLEO LTDA. EPP.,04.132.198/0001-18,SERVICO AUTONOMO DE AGUA E ESGOTO DE TAQUARITINGA - SAAET,"Abastecimento de água - Captação, Adução, Tratamento e similares",Não informado,"Fornecimento de materiais, equipamentos e mão de obra para perfuração de Poço Tubular Profundo, com aproximadamente 650 metros de profundidade, com fornecimento e instalação de equipamento de bombeamento completo até o final do cavalete conforme planilha de custos.",Não informado,Não informado,24/01/2015,271211
Taquaritinga,Atrasada,Municipal,98070.55,208565.91,CONSTRUTORA JOLI LTDA-ME ,15.690.508/0001-36,PREFEITURA MUNICIPAL DE TAQUARITINGA,"Educação - Universidades, Faculdades, Escolas e similares",Não informado,"Cobertura da quadra da EM. Profª Jerssey de Paula F. Ramalho, localizada na Rua Alzira Ferraz Veríssimo, n° 03, Vila Sargi, Município de Taquaritinga-SP. Este mesmo Termo de Compromisso n° 6838 (FNDE) foi licitado duas vezes, atrasando significativamente seu avanço. Atualmente, com a segunda construtora (Construtora Joli LTDA-ME), a obra está em andamento - Serviços prestados pela Construtora em questão estão sendo realizados, concomitantemente, com a equipe da Prefeitura Municipal de Taquaritinga. Assim, a obra não está finalizada pois uma etapa depende da finalização de outras. Vale ressaltar que tal Convênio encontra-se expirado. assim, o restante da obra será finalizado exclusivamente com Contrapartida Financeira desta Prefeitura Municipal.",Não informado,Não informado,04/10/2018,110495.36
Taquaritinga,Atrasada,Municipal,122764.29,136539.03,LARA CONSTRUÇÕES E EMPRENDIMENTOS IMOBILIÁRIOS LTDA - ME,17.523.329/0001-30,PREFEITURA MUNICIPAL DE TAQUARITINGA,"Equipamento urbanos (praças, quadras e similares)",Não informado,"Contrato de Repasse n° 800879/2014 - Apoio a Projetos de Infraestrutura Turística - Urbanização da Praça Dr. Horácio Ramalho, no município de Taquaritinga/SP. Este Contrato de Repasse teve início no ano de 2014, com um projeto inicial. entretanto, após uma análise da nova Administração Pública e equipe técnica do Setor de Convênios, houve a necessidade de realizar uma Reprogramação de Metas e Projeto visando maior funcionalidade e acessibilidade ao objeto conhecido como Calçadão"". Assim, o levantamento das peças técnicas ocorreu no ano de 2017, o novo processo licitatório em 2018. Um mesmo objeto foi dividido em três partes, sendo a mesma empresa ganhadora dos processos de licitação, o que acarretou num atraso significativo no prosseguimento das obras. Vale ressaltar que o ""Valor de Obra"", ""Valor Convenente"" e ""Valor Contrapartida"" deste questionário será referenciado ao Valor de Investimento contratado perante o Ministério. Além disso, foi adotado valores cadastrados no SICONV (Sistema de Convênios), visando a precisão das informações. Neste contrato em questão, será computado o pagamento total dos serviços executados de ambas as empresas.""",Não informado,Não informado,21/02/2019,13774.740000000005
Tatuí,Atrasada,Municipal,1189772.78,1423816.36,CONSTRUTORA JULIO & JULIO LTDA,71.467.732/0001-34,PREFEITURA MUNICIPAL DE TATUI,Mobilidade urbana - vias urbanas,Não informado,Recapeamento de várias vias do municipio,Não informado,Não informado,02/10/2018,234043.58000000007
Tupã,Paralisada,Municipal,690177.53,942228.03,SIRLEI BERTAGLIA MANOEL ME,15.100.769/0001-59,PREFEITURA MUNICIPAL DE TUPA,"Equipamento urbanos (praças, quadras e similares)",01/01/2014,Construção do Espaço das Artes,Avenida Tamoios,,14/12/2013,252050.5
Uchoa,Atrasada,Municipal,1329666.65,1413265.16,K&G CONSTRUTORA GARCIA LTDA EPP,04.131.797/0001-17,PREFEITURA MUNICIPAL DE UCHOA,"Educação - Universidades, Faculdades, Escolas e similares",Não informado,CONSTRUÇÃO DE CRECHE PARA EDUCAÇÃO INFANTIL- CONVENIO ESTADUAL FDE,Rua Antonio Hidalgo,"https://www.google.com/maps/place/20%C2%B056'38.5%22S+49%C2%B010'27.7%22W/@-20.9440297,-491749152.220m/data=!3m2!1e3!4b1!4m14!1m7!3m6!1s0x94bc385266a1e799:0xe025213159f16350!2sUchoa,+SP,+15890-000!3b1!8m2!3d-20.9518639!4d-49.1733743!3m5!1s0x0:0x0!7e2!8m2!3d-20.9440314!4d-49.1743678",09/06/2017,83598.51000000001
Valentim Gentil,Atrasada,Municipal,1099999,1115555.2,SANTOS & VENTUROLI CONSTRUTORA LTDA. - EPP,12.837.764/0001-15,PREFEITURA MUNICIPAL DE VALENTIM GENTIL,"Educação - Universidades, Faculdades, Escolas e similares",Não informado,Construção de creche escola do Jardim Espanha - Convenio 03524/2012,Não informado,Não informado,30/12/2019,15556.199999999953
Vinhedo,Paralisada,Municipal,355607.76,374655.14,R.WEISSENRIEDER DIAS EPP,03.495.291/0001-24,PREFEITURA MUNICIPAL DE VINHEDO,"Equipamento urbanos (praças, quadras e similares)",29/09/2016,Praça de Esportes do Bairro Jardim Altos do Morumbi,Rua Roma-Jd. Altos do Morumbi,"https://www.google.com/maps/place/23%C2%B001'57.8%22S+47%C2%B000'35.5%22W/@-23.0327244,-470105778.344m/data=!3m2!1e3!4b1!4m14!1m7!3m6!1s0x94c8cd5526347e3d:0x68805f81927b32e4!2sVinhedo+-+SP!3b1!8m2!3d-23.0264868!4d-46.9818353!3m5!1s0x0:0x0!7e2!8m2!3d-23.0327264!4d-47.0098704",10/11/2016,19047.380000000005
