municipio_nome;situacao_obra;ambito;valor_inicial_contrato;valor_total_pago;contratada;cnpj_contratada;contratante;classificacao;data_paralisacao;descricao_obra;endereco;url_obra;data_prevista_conclusao
Adamantina;Concluída;Municipal;1.055.397,86;850.000,00;NOROMIX CONCRETO LTDA;10.558.895/0001-38;PREFEITURA MUNICIPAL DE ADAMANTINA;Mobilidade urbana - vias urbanas;Não informado;Recapeamento asfáltico em diversas ruas do município de Adamantina-sp;Não informado;Não informado;06/06/2019
Águas da Prata;Concluída;Municipal;669.189,67;,00;CONSTRUTORA HGB LTDA - ME;16.898.251/0001-75;PREFEITURA MUNICIPAL DE AGUAS DA PRATA;Equipamento urbanos (praças, quadras e similares);Não informado;4ª Etapa de Reformas da Praça de Esportes;Não informado;Não informado;05/12/2017
Águas da Prata;Concluída;Municipal;246.620,13;,00;A3 TERRAPLANAGEM E ENGENHARIA LTDA;05.326.068/0001-89;PREFEITURA MUNICIPAL DE AGUAS DA PRATA;Mobilidade urbana - vias urbanas;Não informado;Ciclovia de Águas da Prata;Não informado;Não informado;12/08/2016
Águas da Prata;Concluída;Municipal;104.378,53;,00;CONSTRUTORA HGB LTDA - ME;16.898.251/0001-75;PREFEITURA MUNICIPAL DE AGUAS DA PRATA;Equipamento urbanos (praças, quadras e similares);Não informado;Revitalização do Calçadão do Balneário;Não informado;Não informado;20/03/2018
Águas de Santa Bárbara;Concluída;Municipal;358.967,76;,00;FORTPAV PAVIMENTAÇÃO E SERVIÇOS LTDA;00.637.923/0001-59;PREFEITURA MUNICIPAL DE AGUAS DE SANTA BARBARA;Mobilidade urbana - vias urbanas;31/07/2018;Execução de 6328,45 m² de Recapeamento Asfáltico Tipo CBUQ com espessura de 3 cm em vias do município.;Rua José Paulino Negrão;;29/08/2018
Américo Brasiliense;Concluída;Municipal;104.760,25;104.760,25;LAFAR ENGENHARIA E SERVICOS EIRELI ME;27.899.360/0001-23;PREFEITURA MUNICIPAL DE AMERICO BRASILIENSE;Saúde (Hospitais, Postos de Saúde, UBS, CAPS e similares);Não informado;Ampliação e Reforma da UBS Dr. Cássio de Moraes Alves, no bairro Vista Alegre;Não informado;Não informado;31/08/2019
Amparo;Concluída;Municipal;1.390.421,06;1.185.080,05;BERNARDI EMPREENDIMENTOS E SOLUÇÕES LTDA.;00.445.741/0001-86;PREFEITURA MUNICIPAL DE AMPARO;Equipamento urbanos (praças, quadras e similares);Não informado;CONSTRUÇÃO DA 1ª PARQUE MUNICIPAL;Não informado;Não informado;11/03/2018
Amparo;Concluída;Municipal;459.115,71;424.724,59;COLETA CTMR LIMPEZA E CONSTRUÇÕES LTDA;17.468.456/0001-83;PREFEITURA MUNICIPAL DE AMPARO;Mobilidade urbana - vias urbanas;Não informado;PAVIMENTAÇÃO DA RUA JOÃO ECCEL;Não informado;Não informado;15/11/2017
Amparo;Concluída;Municipal;1.126.181,51;1.019.525,39;CNV PROJETOS E CONSTRUÇÕES LTDA;52.299.625/0001-08;PREFEITURA MUNICIPAL DE AMPARO;Abastecimento de água - Captação, Adução, Tratamento e similares;Não informado;CONSTRUÇÃO PARA SEDE E LABORATÓRIO DE CONTROLE DE QUALIDADE DE ÁGUAS;Não informado;Não informado;24/11/2016
Amparo;Concluída;Municipal;278.286,00;227.326,45;COLETA CTMR LIMPEZA E CONSTRUÇÕES LTDA;17.468.456/0001-83;PREFEITURA MUNICIPAL DE AMPARO;Mobilidade urbana - vias urbanas;Não informado;PAVIMENTAÇÃO DA RUA CARLOS CAMPOS ESQ COM GALVÃO BUENO;Não informado;Não informado;26/12/2017
Amparo;Concluída;Municipal;273.176,33;196.710,08;ROMME CONSTRUTORA LTDA;06.229.343/0001-09;PREFEITURA MUNICIPAL DE AMPARO;Equipamento urbanos (praças, quadras e similares);Não informado;REFORMA PRAÇA DA MATRIZ;Não informado;Não informado;11/06/2018
Apiaí;Concluída;Estadual;172.018,38;108.818,60;AGILE CONSTRUTORA EIRELI;28.364.747/0001-48;FUNDACAO PARA O DESENVOLVIMENTO DA EDUCACAO - FDE;Educação - Universidades, Faculdades, Escolas e similares;Não informado;EE PROFA ROSARIA JANUZZI, Reforma;Não informado;Não informado;30/10/2018
Araçatuba;Concluída;Municipal;273.724,39;378.814,89;J A TINELI MARQUES & CIA LTDA - EPP;07.250.460/0001-17;PREFEITURA MUNICIPAL DE ARACATUBA;Equipamento urbanos (praças, quadras e similares);Não informado;REFORMA DO CONJUNTO ESPORTIVO DR. ORLANDO RAMALHO (MATARAZZO) COM PINTURA E REPARO DE PISO. OBRA ATRASADA POR FURTOS E VANDALISMOS OCORRIDOS DURANTE A EXECUÇÃO. CRONOGRAMA REALINHADO APÓS ADITIVOS DE PRAZO E META.;Não informado;Não informado;11/12/2018
Araçoiaba da Serra;Concluída;Municipal;444.022,12;400.191,22;OBRAGEN ENGENHARIA E CONSTRUCOES LTDA;01.817.838/0001-35;PREFEITURA MUNICIPAL DE ARACOIABA DA SERRA;Mobilidade urbana - vias urbanas;Não informado;PAVIMENTAÇÃO, DRENAGEM E CALÇADAS DAS RUAS DO LOT. CAMINHOS DO SAN CONRADO Pendências na acessibilidade.;Não informado;Não informado;29/09/2018
Araçoiaba da Serra;Concluída;Municipal;257.948,53;214.716,80;GEALFE COMERCIAL E CONSTRUTORA LTDA - EPP ;01.966.323/0001-05;PREFEITURA MUNICIPAL DE ARACOIABA DA SERRA;Mobilidade urbana - vias urbanas;Não informado;EXECUÇÃO DE CICLOVIA NA AV. ANTONINO VIEIRA DO AMARAL;Não informado;Não informado;10/09/2015
Araçoiaba da Serra;Concluída;Municipal;288.409,20;170.426,50;OBRAGEN ENGENHARIA E CONSTRUCOES LTDA;01.817.838/0001-35;PREFEITURA MUNICIPAL DE ARACOIABA DA SERRA;Mobilidade urbana - vias urbanas;Não informado;PAVIMENTAÇÃO ASFALTICA DAS RUAS JOÃO MENKE, ANTONIO A. OLIVEIRA E RECAP. RUA OSÓRIO R. GOES, BENEDITO F. SILVA E ANTONIO K. RODRIGUES.  Encaminhado Ofício e Parecer para CEF informando a contratação de empresa para a sinalização viária para finalização do convênio. Foi solicitado a redução do objeto, retirando a Rua Antonio Alves de Oliveira (Rua do Sapo).;Não informado;Não informado;24/07/2015
Araraquara;Concluída;Municipal;2.688.138,53;2.265.339,60;ELEMENTU ENGENHARIA E LNTEGRAÇÃO LTDA EPP;14.458.461/0001-17;DEPARTAMENTO AUTONOMO DE AGUA E ESGOTO - DAAE - ARARAQUARA;Abastecimento de água - Captação, Adução, Tratamento e similares;Não informado;Contratação de empresa especializada para implantação do centro de reservação e distribuição - Jardim Victório de Santi ll, no município de Araraguara/SP, com fornecimento de todos os materiais, mão de obra, máquinas, equipamentos, ferramentas, EPIs e EPCs, necessários a realização dos serviços, conforme especificações constantes nos anexos do Edital.;Avenida Jamil Ferez Haddad;https://www.daaeararaquara.com.br/noticias-daae-araraquara/1549-daae-inaugura-centro-de-producao-e-reservacao-no-victorio-de-santi.html;15/09/2018
Araraquara;Concluída;Municipal;129.850,00;146.800,00;PESATO FABRICAÇÃO, MONTAGEM E MANUTENÇÃO LNDUSTRIAL EIRELI - EPP;09.340.631/0001-24;DEPARTAMENTO AUTONOMO DE AGUA E ESGOTO - DAAE - ARARAQUARA;Abastecimento de água - Captação, Adução, Tratamento e similares;Não informado;Contratação de empresa especializada para implantação do Centro de Produção e Reservação Selmi Dei ll, que consiste na construção e instalação de barriletes, calçadas e adutora, com fornecimento de material, mão de obra qualificada, máquinas, equipamentos, ferramentas, EPIs e EPCs necessários, conforme especificações constantes nos anexos do Edital.;Não informado;Não informado;15/09/2018
Araraquara;Concluída;Municipal;720.250,17;720.250,17;THESIS ENGENHARIA E CONSTRUÇÕES EIRELI - EPP;08.419.940/0001-21;DEPARTAMENTO AUTONOMO DE AGUA E ESGOTO - DAAE - ARARAQUARA;Abastecimento de água - Captação, Adução, Tratamento e similares;Não informado;Contratação de empresa especializada para fabricação, fornecimento e instalação de um reservatório metálico de 1000 m3 (mil metros cúbico), bem como fundação, base de concreto armado, com fornecimento de todos os materiais, mão de obra, máquinas, equipamentos, ferramentas, EPIs e EPCs necessários a realização dos serviços, conforme especificações constantes nos anexos do Edital.;Não informado;Não informado;15/09/2018
Araraquara;Concluída;Municipal;517.418,58;517.418,58;ALFI SERVIÇOS LTDA - EPP;18.936.968/0001-90;DEPARTAMENTO AUTONOMO DE AGUA E ESGOTO - DAAE - ARARAQUARA;Abastecimento de água - Captação, Adução, Tratamento e similares;Não informado;Contratação de empresa especializada para implantação do Sistema de Produção e Reservação Selmi Dei ll, compreendendo a construção da cabine de força, abrigos para painéis e muro de fechamento, instalação elétrica, conforme especificações constantes nos anexos do Edital.;Av. Tereza Peligrinete Mota;"https://www.google.com/maps/@-21.722566,-48.1478741,3a,75y,319.86h,106.06t/data&#x3D;!3m6!1e1!3m4!1sPpSG182SWB1r66UbPGE6HQ!2e0!7i13312!8i6656";16/10/2018
Araraquara;Concluída;Municipal;1.064.090,00;1.215.946,55;ACQUA TECNOLOGIA DA ÁGUA EIRELLI-EPP;07.030.022/0001-43;DEPARTAMENTO AUTONOMO DE AGUA E ESGOTO - DAAE - ARARAQUARA;Abastecimento de água - Captação, Adução, Tratamento e similares;Não informado;Contratação de empresa especializada para perfuração de 02 (dois) poços tubulares profundos denominados Poço São Rafael I e Poço Victório de Santi ll, conforme especificações constantes nos anexos, sendo que: O Lote ll corresponde à perfuração do Poço Tubular Profundo Victório de Santi ll e também compreende o fornecimento e instalação de bomba submersa, de colunas edutoras, de cabo de energia, bem como a confecção de bloco e caixa de passagem, conforme especificações constantes nos anexos.;Não informado;Não informado;14/08/2018
Araras;Concluída;Estadual;149.843,56;34.452,77;FLASA ENGENHARIA E CONSTRUÇÕES LTDA ;49.252.885/0001-05;FUNDACAO PARA O DESENVOLVIMENTO DA EDUCACAO - FDE;Educação - Universidades, Faculdades, Escolas e similares;Não informado;EE CEL JUSTINIANO WITHAKER DE OLIVEIRA, Reforma dos sanitários, execução de novo bebedouro coletivo, substituição das caixas dágua de amianto.;Não informado;Não informado;18/10/2018
Areiópolis;Concluída;Municipal;104.266,28;,00;GOLD MONTAGEM, INSTALAÇÃO E LOCAÇÃO EIRELI - ME;23.603.085/0001-06;PREFEITURA MUNICIPAL DE AREIOPOLIS;Energia - distribuição (rede interna urbana e similares);Não informado;Contratação de empresa para a execução de obra de instalação de iluminação pública em Ruas e Avenidas do Município de Areiópolis - SP com fornecimento de materiais, equipamentos e mão de obra com a respectiva ART, conforme memoriais descritivos, planilha orçamentária, cronograma físico – financeiro de execução da obra e projeto executivo, constantes do anexo I, que é parte integrante do presente edital, em atendimento ao Convênio 257/2017, firmado entre o município de Areiópolis e o Estado de São Paulo por intermédio da Casa Civil – Subsecretaria de Relacionamento com Municípios.;Não informado;Não informado;06/08/2018
Assis;Concluída;Estadual;209.591,81;148.582,32;AGILE CONSTRUTORA EIRELI;28.364.747/0001-48;FUNDACAO PARA O DESENVOLVIMENTO DA EDUCACAO - FDE;Educação - Universidades, Faculdades, Escolas e similares;Não informado;EE JOSE AUGUSTO RIBEIRO, Execução de nova entrada de energia.;Não informado;Não informado;13/09/2018
Bauru;Concluída;Estadual;923.013,88;903.594,67;PICOLOTO CONSTRUTORA EIRELI ;20.267.127/0001-89;FUNDACAO PARA O DESENVOLVIMENTO DA EDUCACAO - FDE;Educação - Universidades, Faculdades, Escolas e similares;Não informado;EE PROF JOSE RANIERI, Acessibilidade+SPDA + Combate a Incêndio.;Não informado;Não informado;03/01/2018
Birigui;Concluída;Municipal;1.735.957,19;1.167.853,86;VIAMARI ENGENHARIA E CONSTRUÇÕES EIRELI;15.472.488/0001-27;PREFEITURA MUNICIPAL DE BIRIGUI;Mobilidade urbana - vias urbanas;Não informado;Recapeamento asfáltico em C.B.U.Q em ruas dos bairros Vila Xavier, Vila Guanabara e João Crevelaro.;Não informado;Não informado;03/11/2018
Birigui;Concluída;Municipal;68.301,68;94.800,89;AFONSO GARCIA CONSTRUÇÕES E COMÉRCIO EIRELLI - EPP;01.960.078/0001-10;PREFEITURA MUNICIPAL DE BIRIGUI;Saúde (Hospitais, Postos de Saúde, UBS, CAPS e similares);Não informado;REFORMA DA UNIDADE BÁSICA DE SAÚDE 01 - BAIRRO CIDADE JARDIM;Não informado;Não informado;11/01/2019
Birigui;Concluída;Municipal;278.820,70;274.172,35;AFONSO GARCIA CONSTRUÇÕES E COMÉRCIO EIRELLI - EPP;01.960.078/0001-10;PREFEITURA MUNICIPAL DE BIRIGUI;Equipamento urbanos (praças, quadras e similares);Não informado;Obra de Reforma e Adequação da Quadra Externa do Ginásio de Esportes de Birigui/SP, com fornecimento de materiais, mão de obra e equipamentos conforme projetos.;Não informado;Não informado;18/06/2018
Boituva;Concluída;Municipal;479.606,71;372.201,69;SMS ENGENHARIA E COMÉRCIO LTDA;06.315.308/0001-02;PREFEITURA MUNICIPAL DE BOITUVA;Habitação;Não informado;CONTRATAÇÃO DE SERVIÇOS ESPECIALIZADOS PARA INSTALAÇÃO DE SOLUÇÃO DE INFRAESTRUTURA FLEXÍVEL E SUSTENTÁVEL COMPOSTA POR PISO ELEVADO INTEGRADO COM REDE ELÉTRICA MODULAR FLEXÍVEL E REDE DE LÓGICA ESTRUTURADA PARA O SETOR INFERIOR DO PAÇO MUNICIPAL;Não informado;Não informado;02/05/2017
Boituva;Concluída;Municipal;222.578,43;248.665,33;AMAZONIA AMBIENTAL CONSERVAÇÃO SERVIÇOS E CONSTRUÇÕES LTDA;00.935.969/0001-54;PREFEITURA MUNICIPAL DE BOITUVA;Equipamento urbanos (praças, quadras e similares);Não informado;Revitalização da Praça Antenor Serafim Frizzo;Não informado;Não informado;20/04/2017
Boituva;Concluída;Municipal;75.332,64;104.477,80;INCRETE PISOS E CONSTRUÇÕES LTDA-ME;07.425.147/0001-72;PREFEITURA MUNICIPAL DE BOITUVA;Habitação;12/12/2018;Adequação Centro de Eventos;Não informado;Não informado;24/01/2018
Bom Sucesso de Itararé;Concluída;Municipal;172.507,13;193.741,84;CONSTRUTORA BENGOL LTDA - EPP;12.148.964/0001-60;PREFEITURA MUNICIPAL DE BOM SUCESSO DE ITARARE;Equipamento urbanos (praças, quadras e similares);Não informado;Refere-se a reforma e ampliação do centro de eventos. Obra encontra-se concluída, porém o contrato e convênio não conseguem ser encerrados devido ao processo de obtenção do AVCB da edificação ainda estar em trâmite.;Não informado;Não informado;20/07/2015
Bragança Paulista;Concluída;Municipal;1.491.440,27;1.518.129,31;MBG ENGENHARIA E CONSTRUÇÃO E COMÉRCIO LTDA;65.824.971/0001-00;PREFEITURA MUNICIPAL DE BRAGANCA PAULISTA;Educação - Universidades, Faculdades, Escolas e similares;Não informado;CONSTRUÇÃO DE CRECHE NO JARDIM VISTA ALEGRE;Não informado;Não informado;24/11/2017
Bragança Paulista;Concluída;Municipal;674.287,14;511.086,24;CEM DEZ CONSTRUÇÕES LTDA – EPP;05.453.339/0001-67;PREFEITURA MUNICIPAL DE BRAGANCA PAULISTA;Educação - Universidades, Faculdades, Escolas e similares;Não informado;CONSTRUÇÃO DE QUADRA COBERTA COM VESTIÁRIO - E.M.PE. DONATO VAGLIO;Não informado;Não informado;05/07/2015
Bragança Paulista;Concluída;Municipal;1.498.202,14;1.447.242,58;MBG ENGENHARIA E CONSTRUÇÃO E COMÉRCIO LTDA;65.824.971/0001-00;PREFEITURA MUNICIPAL DE BRAGANCA PAULISTA;Educação - Universidades, Faculdades, Escolas e similares;Não informado;CONSTRUÇÃO DE CRECHE NO NÚCLEO HABITACIONAL PADRE ALDO BOLINI;Não informado;Não informado;24/12/2017
Buri;Concluída;Municipal;348.835,44;242.834,66;COMERCIAL & CONSTRUTORA GALVÃO LTDA;07.606.856/0001-54;PREFEITURA MUNICIPAL DE BURI;Educação - Universidades, Faculdades, Escolas e similares;Não informado;Construção de Banheiros com acessibilidade, cozinha, reforma de refeitório, jardim interno e cobertura metálica;Não informado;Não informado;04/12/2018
Buri;Concluída;Municipal;149.691,39;83.747,11;ELISETE DE MELLO COSTA & CIA LTDA;12.662.200/0001-99;PREFEITURA MUNICIPAL DE BURI;Equipamento urbanos (praças, quadras e similares);Não informado;MURO DE FECHAMENTO BARRACÃO DA PREFEITURA DE BURI-SP;Não informado;Não informado;25/09/2018
Caconde;Concluída;Municipal;579.231,81;492.869,52;C.C.C. CONSTRUTORA CAPITÃO COSTA LTDA ;15.863.438/0001-70;PREFEITURA MUNICIPAL DE CACONDE;Equipamento urbanos (praças, quadras e similares);Não informado;Revitalização do Mercado Municipal;Não informado;Não informado;09/07/2015
Caiabu;Concluída;Estadual;149.361,28;148.582,32;AGILE CONSTRUTORA EIRELI;28.364.747/0001-48;FUNDACAO PARA O DESENVOLVIMENTO DA EDUCACAO - FDE;Educação - Universidades, Faculdades, Escolas e similares;Não informado;EE GILDASIO SILVA LIMA, Reparos na cobertura, na quadra de esportes e elétrica.;Não informado;Não informado;13/09/2018
Caiabu;Concluída;Municipal;662.773,99;355.356,74;SANCHES & AQUINO CONSTRUTORA LTDA;10.909.325/0001-45;PREFEITURA MUNICIPAL DE CAIABU;Educação - Universidades, Faculdades, Escolas e similares;Não informado;Construção de uma Quadra Coberta;Não informado;Não informado;14/06/2016
Capivari;Concluída;Municipal;3.957.610,78;4.141.790,79;RODRIGUES SOARES EMPREENDIMENTOS E CONSTRUÇÕES LTDA EPP;38.847.414/0001-23;PREFEITURA MUNICIPAL DE CAPIVARI;Abastecimento de água - Captação, Adução, Tratamento e similares;Não informado;Obra de conclusão da Estação de Tratamento de Esgoto do bairro Castelani.;Não informado;Não informado;18/05/2016
Carapicuíba;Concluída;Estadual;139.628,94;35.201,77;VIEL ENGENHARIA E CONSTRUÇÕES EIRELI- EPP;13.379.619/0001-09;FUNDACAO PARA O DESENVOLVIMENTO DA EDUCACAO - FDE;Educação - Universidades, Faculdades, Escolas e similares;Não informado;Revisão hidráulica, elétrica, esgoto, recuperação da quadra e juntas de dilatação.;Não informado;Não informado;18/01/2019
Carapicuíba;Concluída;Estadual;1.531.857,24;1.438.042,07;NOVORUMO ENGENHARIA E COMÉRCIO LTDA;05.754.314/0001-01;FUNDACAO PARA O DESENVOLVIMENTO DA EDUCACAO - FDE;Educação - Universidades, Faculdades, Escolas e similares;Não informado;Adequação do prédio para viabilizar ON/12 salas na área remanescente e Combate a Incêndio.;Não informado;Não informado;28/02/2018
Cardoso;Concluída;Estadual;40.761,25;40.736,86;DEDRA COMÉRCIO E CONSTRUÇÕES LTDA ;04.088.379/0001-94;FUNDACAO PARA O DESENVOLVIMENTO DA EDUCACAO - FDE;Educação - Universidades, Faculdades, Escolas e similares;Não informado;EE ARTHUR FRANCISCO ANDRIGHETTI, Manutenção.;Não informado;Não informado;20/12/2018
Catanduva;Concluída;Estadual;216.758,57;78.959,94;VIEL ENGENHARIA E CONSTRUÇÕES EIRELI- EPP;13.379.619/0001-09;FUNDACAO PARA O DESENVOLVIMENTO DA EDUCACAO - FDE;Educação - Universidades, Faculdades, Escolas e similares;Não informado;EE NICOLA MASTROCOLA, Reforma+manejo arbóreo.;Não informado;Não informado;28/01/2019
Cerqueira César;Concluída;Municipal;274.260,00;277.425,44;ROMA CONSTRUÇÕES CIVIL LTDA-ME;11.721.759/0001-80;PREFEITURA MUNICIPAL DE CERQUEIRA CESAR;Educação - Universidades, Faculdades, Escolas e similares;Não informado;REFORMA DO GINÁSIO DE ESPORTES EDENY LANÇAS;AVENIDA JOÃO CARDOSO DE OLIVEIRA;;08/02/2018
Conchal;Concluída;Municipal;1.227.653,82;1.222.769,49;M. G. EMPREITEIRA E CONSTRUTORA LTDA. – ME;03.914.296/0001-44;PREFEITURA MUNICIPAL DE CONCHAL;Educação - Universidades, Faculdades, Escolas e similares;Não informado;1) CONTRATO Nº 38/17,PROCESSO ADMINISTRATIVO Nº 665/17, TOMADA DE PREÇOS Nº 02/17 Contratação de Empresa Especializada para Fornecimento de Material e Mão de Obra para Construção da Unidade Escolar no Jardim Porto Seguro.;Não informado;Não informado;26/01/2018
Conchal;Concluída;Municipal;328.446,21;206.920,54;ROMARELLO TERRAPLANAGEM E CONSTRUÇÕES LTDA.;08.743.495/0001-50;PREFEITURA MUNICIPAL DE CONCHAL;Esgotamento sanitário - Rede coletora, estações de tratamento e similares;Não informado;CONTRATO Nº 56/17, PROCESSO ADMINISTRATIVO Nº 2415/17, TOMADA DE PREÇOS Nº 04/17, Contratação de Empresa Especializada para Fornecimento de Material e Mão de Obra para Construção da Estação Elevatória de Esgoto Doméstico e Linha de Recalque no Distrito Industrial Benedito Delfino Silva;Não informado;Não informado;12/10/2018
Dois Córregos;Concluída;Municipal;322.057,74;322.057,74;FORTPAV PAVIMENTAÇÃO E SERVIÇOS LTDA;00.637.923/0001-59;PREFEITURA MUNICIPAL DE DOIS CORREGOS;Mobilidade urbana - vias urbanas;Não informado;Execução de pavimentação e recapeamento asfáltico, na Avenida Lucélia, Rua São Carlos - Bairro Jardim Paulista, e Avenida Mineiros do Tietê, Rua Guarulhos, Rua Limeira e Rua Avaré do Bairro Cecap;Não informado;Não informado;11/09/2018
Dois Córregos;Concluída;Municipal;888.776,80;847.185,51;RUEDA CONSTRUÇÕES E SERVIÇOS EIRELI - EPP;10.246.831/0001-13;PREFEITURA MUNICIPAL DE DOIS CORREGOS;Educação - Universidades, Faculdades, Escolas e similares;Não informado;"Execução de obras para demolição e reconstrução do galpão industrial da Incubadora de Empresas Comendador Antônio João de Camargo"" - Secretaria da Casa Civil - Governo do Estado de São Paulo""";Não informado;Não informado;09/02/2018
Dois Córregos;Concluída;Municipal;341.119,20;341.119,20;FORTPAV PAVIMENTAÇÃO E SERVIÇOS LTDA;00.637.923/0001-59;PREFEITURA MUNICIPAL DE DOIS CORREGOS;Mobilidade urbana - vias urbanas;Não informado;Execução de pavimentação e recapeamento asfáltico, na Avenida Luiz Faulin Filho, Setor Industrial;Não informado;Não informado;05/10/2018
Dois Córregos;Concluída;Municipal;367.179,94;410.493,61;FADINI CONSTRUÇÕES LTDA - EPP;15.098.680/0001-03;PREFEITURA MUNICIPAL DE DOIS CORREGOS;Educação - Universidades, Faculdades, Escolas e similares;Não informado;"Execução de ampliação de 04 salas de aula e 02 banheiros na CEMEI Maria Helena Capelini Rodrigues""""";Não informado;Não informado;13/12/2018
Dois Córregos;Concluída;Municipal;280.229,01;181.889,01;FORTPAV PAVIMENTAÇÃO E SERVIÇOS LTDA;00.637.923/0001-59;PREFEITURA MUNICIPAL DE DOIS CORREGOS;Mobilidade urbana - vias urbanas;Não informado;Execução de pavimentação e recapeamento asfáltico, na Avenida Bonsucesso, Jardim Arco-Íris;Não informado;Não informado;11/09/2018
Echaporã;Concluída;Municipal;259.821,24;,00;MARIPAV PAVIMENTAÇÃO E CONSTRUÇÃO LTDA;01.946.591/0001-57;PREFEITURA MUNICIPAL DE ECHAPORA;Mobilidade urbana - vias urbanas;Não informado;Pavimentação Asfáltica em vias urbanas do município.;Não informado;Não informado;26/07/2018
Engenheiro Coelho;Concluída;Municipal;310.022,31;263.120,16;COLETA CTMR LIMPEZA E CONSTRUÇÕES LTDA;17.468.456/0001-83;PREFEITURA MUNICIPAL DE ENGENHEIRO COELHO;Mobilidade urbana - vias urbanas;Não informado;0gu- 10165218-64/2016- Recapeamento Asfáltico  Mudança de sentido da via, a Caixa solicitou um novo projeto asbiult necessário para a aferição final da sinalização.;Não informado;Não informado;28/02/2019
Espírito Santo do Pinhal;Concluída;Estadual;277.378,02;88.296,70;FLASA ENGENHARIA E CONSTRUÇÕES LTDA ;49.252.885/0001-05;FUNDACAO PARA O DESENVOLVIMENTO DA EDUCACAO - FDE;Educação - Universidades, Faculdades, Escolas e similares;Não informado;EE DR ALMEIDA VERGUEIRO, Revisão nas estruturas da U.E.;Não informado;Não informado;26/11/2018
Fernão;Concluída;Municipal;1.468.594,51;1.407.908,76;SSM CONSTRUÇÕES E INSTALAÇÕES LTDA;06.877.044/0001-80;FUNDO MUNICIPAL DE APOSENTADORIA E PENSAO DE FERNAO;Educação - Universidades, Faculdades, Escolas e similares;Não informado;Construção de Creche padrão FDE;Não informado;Não informado;05/08/2015
Franca;Concluída;Estadual;33.940,12;,00;ISSA & PIACENTE ENGENHARIA LTDA ;29.826.100/0001-53;FUNDACAO PARA O DESENVOLVIMENTO DA EDUCACAO - FDE;Educação - Universidades, Faculdades, Escolas e similares;Não informado;DER  FRANCA - SEDE, Manutenção;Não informado;Não informado;14/12/2018
Franca;Concluída;Municipal;4.172.660,82;5.023.156,68;HM LUTFALA CONSTRUCOES EIRELI - EPP ;12.811.175/0001-68;PREFEITURA MUNICIPAL DE FRANCA;Equipamento urbanos (praças, quadras e similares);Não informado;Construção do CIE (Centro de Iniciação ao Esporte);Não informado;Não informado;22/01/2019
Franco da Rocha;Concluída;Municipal;118.464,11;118.463,62;CONSTRUTORA JOIA BRASIL LTDA - EPP;10.902.342/0001-50;PREFEITURA MUNICIPAL DE FRANCO DA ROCHA;Equipamento urbanos (praças, quadras e similares);Não informado;Contratação de Empresa Especializada para construção de Espaço Ecumênico no Cemitério da Paixão, Avenida da Saudade – Franco da Rocha/SP.;Não informado;Não informado;01/11/2018
Franco da Rocha;Concluída;Municipal;83.000,00;45.540,28;COMERCIAL E CONSTRUTORA FENIX EIRELI;73.041.188/0001-90;PREFEITURA MUNICIPAL DE FRANCO DA ROCHA;Mobilidade urbana - vias urbanas;Não informado;A  contratação  de empresa especialida  para execução  de obras   de construção de muro  de contenção  em gabiões e pavimentação asfáltica rua ana – vila josefina,tudo com fornecimento de mão de obra equipamentos, maquinarios, ferramentas, veiculos e materiais necessarios, conforme  as condições e as especificações  tecnicas.;Não informado;Não informado;28/06/2018
Gália;Concluída;Estadual;257.266,96;192.696,57;AGILE CONSTRUTORA EIRELI;28.364.747/0001-48;FUNDACAO PARA O DESENVOLVIMENTO DA EDUCACAO - FDE;Educação - Universidades, Faculdades, Escolas e similares;Não informado;EE GRACIEMA BAGANHA RIBEIRO, Reforma.;Não informado;Não informado;29/12/2018
Guararapes;Concluída;Municipal;317.531,72;317.531,72;DIAS ARAÇATUBA CONSTRUÇÕES E LOGÍSTICA LTDA EPP;03.426.245/0001-73;PREFEITURA MUNICIPAL DE GUARARAPES;Mobilidade urbana - vias urbanas;Não informado;Empresa especializada com fornecimento de mão de obra, equipamentos e materiais necessários para implantação de galerias de águas pluviais em diversas ruas do município.;Não informado;Não informado;05/07/2018
Guararapes;Concluída;Municipal;276.820,53;276.820,53;MYF CONSTRUÇÕES E COMÉRCIO LTDA EPP;03.307.711/0001-00;PREFEITURA MUNICIPAL DE GUARARAPES;Mobilidade urbana - vias urbanas;Não informado;Empresa especializada com fornecimento de mão de obra, equipamentos e materiais necessários para implantação de galeria de drenagem de águas pluviais na Alameda Itororó.;Não informado;Não informado;29/12/2018
Guarujá;Concluída;Municipal;988.363,05;1.494,16;FORTNORT DESENVOLVIMENTO AMBIENTAL E URBANO EIRELI;00.900.846/0001-88;PREFEITURA MUNICIPAL DE GUARUJA;Equipamento urbanos (praças, quadras e similares);Não informado;Urbanização do Mirante do Morro da Campina;R. Morro do Maluf;"https://www.google.com.br/maps/place/Mirante+do+Morro+da+Campina/@-23.9938987,-46.2528091,17z/data&#x3D;!4m13!1m7!3m6!1s0x94d1fe326559b6f7:0x9a573e167285c2a1!2sJardim+Tejereba,+Guaruj%C3%A1+-+SP,+11410-240!3b1!8m2!3d-23.9939036!4d-46.2506204!3m4!1s0x94d1fe32ef0d50e1:0x1755afbdc8802282!8m2!3d-23.9949543!4d-46.2489646";26/06/2019
Guarujá;Concluída;Municipal;3.299.418,14;3.202.246,27;TERRACOM CONSTRUÇÕES LTDA.;47.497.367/0001-26;PREFEITURA MUNICIPAL DE GUARUJA;Mobilidade urbana - vias urbanas;Não informado;Execução de ciclovia da Av. Antenor Pimentel – 2ª fase;Av. Antenor Pimentel;https://www.google.com/maps/place/Av.+Antenor+Pimentel,+Guaruj%C3%A1+-+SP/@-23.9643084,-46.2517624,17z/data=!3m1!4b1!4m5!3m4!1s0x94ce01b588dc3f1b:0xd7a5d3ba498e2944!8m2!3d-23.964229!4d-46.2495337;09/01/2018
Guarulhos;Concluída;Estadual;232.903,07;88.288,70;JOSUÉ CARDOSO DOS SANTOS CONSTRUTORA E INCORPORADORA - EIRELI - EPP;15.664.668/0001-00;FUNDACAO PARA O DESENVOLVIMENTO DA EDUCACAO - FDE;Educação - Universidades, Faculdades, Escolas e similares;Não informado;Revisão do muro de divisa.;Não informado;Não informado;25/02/2019
Ibirá;Concluída;Municipal;76.650,38;76.650,38;PREVINE INCÊNDIO - SERVIÇOS E COMÉRCIO LTDA.;14.211.330/0001-30;PREFEITURA MUNICIPAL DE IBIRA;Equipamento urbanos (praças, quadras e similares);Não informado;Contratação de empresa especializada na realização e prevenção a incêndios no Parque Balneário, no distrito de Termas de Ibirá;Não informado;Não informado;19/11/2018
Igarapava;Concluída;Municipal;1.979.217,09;2.009.144,83;M.A. CONSTRUTURA IGARAPAVENSE EIRELI;18.406.789/0001-40;PREFEITURA MUNICIPAL DE IGARAPAVA;Educação - Universidades, Faculdades, Escolas e similares;Não informado;CONSTRUÇÃO DE CRECHE FNDE;Não informado;Não informado;09/03/2017
Iguape;Concluída;Municipal;980.002,13;1.224.817,33;TBG - TERRAPLANAGEM E CONSTRUÇÕES LTDA;17.055.030/0001-06;PREFEITURA MUNICIPAL DE IGUAPE;Mobilidade urbana - vias urbanas;Não informado;Execução de 11.997,54 m² de pavimentação e obras complementares em diversas ruas/travessas no Bairro do Rocio, Iguape/SP com fornecimento de material e mão de obra conforme convênio nº 1280/2018 entre a Prefeitura de Iguape e Secretaria de Planejamento e Gestão do Estado de São Paulo;Não informado;Não informado;05/11/2018
Ipeúna;Concluída;Municipal;612.857,86;123.773,20;SANTA TERRA CONSTRUTORA EIRELI - EPP;06.261.866/0001-32;PREFEITURA MUNICIPAL DE IPEUNA;Mobilidade urbana - vias urbanas;Não informado;Execução de 20.922,63 m² de recapeamento asfáltico do tipo CBUQ, a ser realizado em diversas vias dos bairros Altos de Ipeúna, Jardim Nova Ipeúna e Vila Aparecida, no município de Ipeúna/SP.;Não informado;Não informado;25/01/2019
Ipeúna;Concluída;Municipal;129.000,16;64.974,92;THESIS ENGENHARIA E CONSTRUÇÕES EIRELI - EPP;08.419.940/0001-21;PREFEITURA MUNICIPAL DE IPEUNA;Abastecimento de água - Captação, Adução, Tratamento e similares;Não informado;Implantação do projeto de combate às perdas de água, com fornecimento e instalação de macromedidores de vazão no sistema de abastecimento de água do município de Ipeúna.;Não informado;Não informado;18/06/2018
Iracemápolis;Concluída;Municipal;201.422,29;130.577,33;ÁGUA FORTE SANEAMENTO AMBIENTAL LTDA;15.049.409/0001-70;PREFEITURA MUNICIPAL DE IRACEMAPOLIS;Mobilidade urbana - vias urbanas;Não informado;Construção de calçadas sarjetões e recuperação as asfáltica;Rua Jeronimo Ometto;https://www.google.com.br/maps/@-22.5960403,-47.514262,18.25z?hl=pt-PT;23/06/2018
Iracemápolis;Concluída;Municipal;301.783,84;243.358,49;PROJECON PROJETOS E CONSTRUÇÃO CIVIL PIRACICABA LTDA;00.167.424/0001-45;PREFEITURA MUNICIPAL DE IRACEMAPOLIS;Mobilidade urbana - vias urbanas;Não informado;Recapeamento Asfáltico;Rua José Alves de Oliveira;https://www.google.com.br/maps/@-22.5915176,-47.5189377,18.5z?hl=pt-PT;05/07/2019
Iracemápolis;Concluída;Municipal;1.585.614,29;1.491.626,84;CONSTRUTORA COLOMBO & PAGANI LTDA ME;14.914.524/0001-00;PREFEITURA MUNICIPAL DE IRACEMAPOLIS;Abastecimento de água - Captação, Adução, Tratamento e similares;Não informado;Implantação de sistema de tratamento, desidratação e disposição final do lodo da E.T.A.;Rua Capitão Paulo Simões;https://www.google.com.br/maps/@-22.5822582,-47.5180751,21z?hl=pt-PT;02/06/2015
Iracemápolis;Concluída;Municipal;257.068,29;230.273,96;CONSTRUIR PROJETOS E OBRAS LTDA - EPP;15.361.312/0001-06;PREFEITURA MUNICIPAL DE IRACEMAPOLIS;Equipamento urbanos (praças, quadras e similares);Não informado;Ampliação da Pista de Skate;Rua José Emidio;https://www.google.com.br/maps/@-22.5793765,-47.5151218,19.21z?hl=pt-PT;05/07/2016
Iracemápolis;Concluída;Municipal;908.028,21;860.495,50;GETESI GERENCIAMENTO TECNOLOGIA E SISTEMA LTDA EPP;07.685.835/0001-71;PREFEITURA MUNICIPAL DE IRACEMAPOLIS;Abastecimento de água - Captação, Adução, Tratamento e similares;Não informado;Implantação de projeto de macro e micromedição;Rua Capitão Paulo Simões;https://www.google.com.br/maps/@-22.5822582,-47.5180751,21z?hl=pt-PT;24/03/2015
Itanhaém;Concluída;Municipal;1.394.988,45;1.658.014,71;CBPL - CONSTRUTORA LTDA;03.667.842/0001-90;PREFEITURA MUNICIPAL DE ITANHAEM;Equipamento urbanos (praças, quadras e similares);Não informado;Urbanização da Orla da Praia de Itanhaém - Praião;Não informado;Não informado;01/07/2017
Itapecerica da Serra;Concluída;Estadual;67.063,39;59.096,59;LOPES KALIL ENGENHARIA E COMÉRCIO LTDA.;60.403.235/0001-56;FUNDACAO PARA O DESENVOLVIMENTO DA EDUCACAO - FDE;Educação - Universidades, Faculdades, Escolas e similares;Não informado;Revisão geral de hidráulica e elétrica.;Não informado;Não informado;30/01/2019
Itapecerica da Serra;Concluída;Estadual;274.743,76;147.858,19;OURO PRETO ENGENHARIA E CONSTRUÇÃO EIRELI - EPP;24.806.660/0001-22;FUNDACAO PARA O DESENVOLVIMENTO DA EDUCACAO - FDE;Educação - Universidades, Faculdades, Escolas e similares;Não informado;Execução de muro de arrimo, arquibancada, canaletas de águas pluviais e plantio de grama. Execução de tabelas de basquete, piso concreto armado, fechamento laterais e fundos.;Não informado;Não informado;30/01/2019
Itapecerica da Serra;Concluída;Estadual;69.525,40;17.210,40;DDA CONSTRUTORA LTDA;13.440.390/0001-62;FUNDACAO PARA O DESENVOLVIMENTO DA EDUCACAO - FDE;Educação - Universidades, Faculdades, Escolas e similares;Não informado;Nova entrada de energia.;Não informado;Não informado;30/01/2019
Itapetininga;Concluída;Estadual;107.020,71;82.094,29;VIEL ENGENHARIA E CONSTRUÇÕES EIRELI- EPP;13.379.619/0001-09;FUNDACAO PARA O DESENVOLVIMENTO DA EDUCACAO - FDE;Educação - Universidades, Faculdades, Escolas e similares;Não informado;EE PROF VIRGILIO SILVEIRA, Retirada da cobertura da quadra de esportes e execução de novo piso da quadra.;Não informado;Não informado;28/12/2018
Itapirapuã Paulista;Concluída;Estadual;97.892,28;11.235,12;AGILE CONSTRUTORA EIRELI;28.364.747/0001-48;FUNDACAO PARA O DESENVOLVIMENTO DA EDUCACAO - FDE;Educação - Universidades, Faculdades, Escolas e similares;Não informado;EE PROFA MARIA DE ALBUQUERQUE DIAS BAPTISTA, Manutenção.;Não informado;Não informado;07/01/2019
Itararé;Concluída;Municipal;835.580,98;775.845,15;PORT CON CONSTRUTORA LTDA.;55.980.858/0001-51;PREFEITURA MUNICIPAL DE ITARARE;Mobilidade urbana - vias urbanas;Não informado;Pavimentação em CBUQ de trechos das ruas da Vila Novo Horizonte Trecho 1 e Trecho 2 , Jardim Paulicéia e Vila São João;Não informado;Não informado;10/10/2018
Itu;Concluída;Municipal;315.900,00;315.900,00;CAMACON CONSTRUÇÕES LTDA;05.484.560/0001-82;COMPANHIA ITUANA DE SANEAMENTO - CIS;Abastecimento de água - Barragens;Não informado;DESASSOREAMENTO DE 3 REPRESAS LOCALIZADAS NA PARTE INTERNA DO CONDOMÍNIO SANTO ANTONIO, PARA REMOÇÃO DE 30.000 M³ DE MATERIAL SEDIMENTADO E DECANTADO NAS MARGENS E FUNDO DAS REPRESAS.;Não informado;Não informado;27/10/2018
Itu;Concluída;Municipal;1.997.531,47;2.214.202,24;RGS9 TECNOLOGIA IMPORTAÇÃO E CONSTRUÇÕES LTDA;18.054.777/0001-02;COMPANHIA ITUANA DE SANEAMENTO - CIS;Abastecimento de água - Captação, Adução, Tratamento e similares;Não informado;Construção de 01 (um) reservatório metálico apoiado cilíndrico vertical, do tipo parafusado, com capacidade para 3.000 m3 de água, revestido em epóxi branco ou vitrificado, teto autoportante, com a instalação da hidráulica (conexões de entradas, saídas), dispositivos de acesso (escotilhas e escadas), dispositivos de proteção (SPDA e iluminação de emergência), mais fundação e base estrutural, na cidade de Itu/SP.;Não informado;Não informado;04/12/2018
Jacareí;Concluída;Municipal;571.803,92;366.595,80;OFOS TECNOLOGIA COMÉRCIO E SERVIÇOS CONTRA INCÊNDIO LTDA;72.024.599/0001-04;SERVICO AUTONOMO DE AGUA E ESGOTO DE JACAREI - SAAE;Abastecimento de água - Captação, Adução, Tratamento e similares;Não informado;CONTRATAÇÃO DE EMPRESA DE ENGENHARIA ESPECIALIZADA EM EXECUÇÃO DE SISTEMA DE SEGURANÇA DE COMBATE A INCÊNDIO DA ESTAÇÃO DE CAPTAÇÃO DE ÁGUA DO SAAE;Não informado;Não informado;22/08/2018
Jacareí;Concluída;Municipal;145.180,00;84.260,39;COLINEA CONSTRUÇÕES E OBRAS LINEARES;14.216.442/0001-84;SERVICO AUTONOMO DE AGUA E ESGOTO DE JACAREI - SAAE;Esgotamento sanitário - Rede coletora, estações de tratamento e similares;Não informado;IMPLANTAÇÃO DE REDE COLETORA DE ESGOTO NA RUA FRANCISCO LIMA SOBRINHO COM AVENIDA ENG.º DAVI MONTEIRO LINO;Não informado;Não informado;15/12/2018
Jales;Concluída;Municipal;298.091,47;70.652,02;NOROMIX CONCRETO LTDA;10.558.895/0001-38;PREFEITURA MUNICIPAL DE JALES;Mobilidade urbana - vias urbanas;05/12/2018;RECAPEAMENTO ASFÁLTICO EM VÁRIOS BAIRROS DA CIDADE - RECAPE JARDIM SÃO GABRIEL;Não informado;Não informado;04/10/2018
Jales;Concluída;Municipal;130.079,74;37.638,38;ZILDA MARTINS DE ANDRADE - ME;14.411.917/0001-93;PREFEITURA MUNICIPAL DE JALES;Saúde (Hospitais, Postos de Saúde, UBS, CAPS e similares);18/12/2018;EXECUÇÃO DE REFORMA DA UNIDADE BÁSICA DE SAÚDE DR. GETÚLIO DE CARVALHO, NO JARDIM ARAPUÃ;Não informado;Não informado;29/11/2018
Jales;Concluída;Municipal;198.603,56;189.596,71;INTERIOR CONSTRUÇÕES LTDA EPP;67.593.582/0001-38;PREFEITURA MUNICIPAL DE JALES;Outros;01/10/2018;IMPLANTAÇÃO DA ILUMINAÇÃO DO CAMPO DE FUTEBOL LOCALIZADO NA AVENIDA PRESIDENTE JÂNIO QUADROS, Nº 2348 - CENTRO;Não informado;Não informado;18/03/2018
Jales;Concluída;Municipal;1.148.397,61;230.460,55;NOROMIX CONCRETO LTDA;10.558.895/0001-38;PREFEITURA MUNICIPAL DE JALES;Mobilidade urbana - vias urbanas;05/12/2018;RECAPEAMENTO EM VÁRIOS BAIRROS DA CIDADE - RECAPE QUADRILÁTERO CENTRAL;Não informado;Não informado;03/11/2018
Jales;Concluída;Municipal;294.398,57;88.962,78;NOROMIX CONCRETO LTDA;10.558.895/0001-38;PREFEITURA MUNICIPAL DE JALES;Mobilidade urbana - vias urbanas;05/12/2018;RECAPEAMENTO ASFÁLTICO EM VÁRIOS BAIRROS DA CIDADE - RECAPE JARDIM EUPHLY JALLES;Não informado;Não informado;04/10/2018
Jales;Concluída;Municipal;51.929,43;,00;ENGERB CONSTRUÇÕES E INCORPORAÇÕES EIRELI;10.589.382/0001-94;PREFEITURA MUNICIPAL DE JALES;Rede de Drenagem de águas pluviais;05/12/2018;EXECUÇÃO DE GALERIA E CONCRETAGEM DE GALERIA EXISTENTE NO PRÉDIO DO UPA - UNIDADE DE PRONTO ATENDIMENTO;Não informado;Não informado;18/11/2018
Jales;Concluída;Municipal;296.353,49;64.780,29;NOROMIX CONCRETO LTDA;10.558.895/0001-38;PREFEITURA MUNICIPAL DE JALES;Mobilidade urbana - vias urbanas;05/12/2018;RECAPEAMENTO ASFÁLTICO EM VÁRIOS BAIRROS DA CIDADE - RECAPE VILA SANTA ISABEL, JARDIM PRIMAVERA E JARDIM PALMEIRAS;Não informado;Não informado;16/02/2019
Jandira;Concluída;Municipal;81.022,30;81.022,30;CITYSTAR CONSTRUTORA E INCORPORADORA;11.441.834/0001-59;PREFEITURA MUNICIPAL DE JANDIRA;Educação - Universidades, Faculdades, Escolas e similares;Não informado;Reparos na EMEB Pedrina Benedita Dias;Não informado;Não informado;11/01/2019
Jandira;Concluída;Municipal;1.269.997,35;987.628,12;TEOREMA CONSTRUTORA EIRELI;01.988.564/0001-47;PREFEITURA MUNICIPAL DE JANDIRA;Mobilidade urbana - vias urbanas;Não informado;Execução de serviço de Recapeamento asfáltico - Grupo 3 - nas vias: Rua José Longo, Rua Francisco Jose Longo, Rua dos Matias, Rua Messias Correia Godoi, Rua João Fiochi, Rua Pe. Giuseppe Angelo Bertoli e Rua Prestes Maia, Jandira/SP.;Não informado;Não informado;26/12/2018
Jandira;Concluída;Municipal;573.979,59;658.480,87;FAST SERVIÇOS ESPECIALIZADOS & CONSTRUÇÃO CIVIL;17.020.966/0001-93;PREFEITURA MUNICIPAL DE JANDIRA;Educação - Universidades, Faculdades, Escolas e similares;Não informado;Reforma, readequação e ampliação de Prédio Público para novas instalações da EMEB Primeiros Passos.;Não informado;Não informado;08/12/2018
Jandira;Concluída;Estadual;30.976,75;11.926,65;DDA CONSTRUTORA LTDA;13.440.390/0001-62;FUNDACAO PARA O DESENVOLVIMENTO DA EDUCACAO - FDE;Educação - Universidades, Faculdades, Escolas e similares;Não informado;Execução de novo trecho de murro e nova entrada de energia;Não informado;Não informado;31/10/2018
Jandira;Concluída;Municipal;2.348.106,72;1.983.906,26;VIGENTE CONSTRUÇOES EIRELI;15.320.722/0001-09;PREFEITURA MUNICIPAL DE JANDIRA;Equipamento urbanos (praças, quadras e similares);Não informado;Implantação de complexo desportivo compreendendo pista de atletismo, reforma e adequação do vestiário existente e instalação de grama sintética, na Área do Trabalhador.;Não informado;Não informado;23/11/2018
Jandira;Concluída;Municipal;46.806,23;46.806,23;CITYSTAR CONSTRUTORA E INCORPORADORA;11.441.834/0001-59;PREFEITURA MUNICIPAL DE JANDIRA;Educação - Universidades, Faculdades, Escolas e similares;Não informado;Reparos na EMEB Ma. Dolores Guimarães;Não informado;Não informado;29/01/2019
Jandira;Concluída;Municipal;65.838,23;65.838,23;CITYSTAR CONSTRUTORA E INCORPORADORA;11.441.834/0001-59;PREFEITURA MUNICIPAL DE JANDIRA;Educação - Universidades, Faculdades, Escolas e similares;Não informado;Reparos na EMEB Vereador Edison Alves dos Santos;Não informado;Não informado;11/01/2019
Jandira;Concluída;Municipal;644.299,66;644.299,66;TPD ENGENHARIA LTDA;53.359.113/0001-44;PREFEITURA MUNICIPAL DE JANDIRA;Educação - Universidades, Faculdades, Escolas e similares;Não informado;Reforma, Adequação e Ampliação da EMEB Comecinho de Vida;Não informado;Não informado;17/10/2018
Jandira;Concluída;Municipal;81.172,48;81.172,48;CITYSTAR CONSTRUTORA E INCORPORADORA;11.441.834/0001-59;PREFEITURA MUNICIPAL DE JANDIRA;Educação - Universidades, Faculdades, Escolas e similares;Não informado;Reparos na EMEB Antônio de Oliveira;Não informado;Não informado;20/01/2019
Jandira;Concluída;Municipal;168.861,42;168.861,42;CITYSTAR CONSTRUTORA E INCORPORADORA;11.441.834/0001-59;PREFEITURA MUNICIPAL DE JANDIRA;Educação - Universidades, Faculdades, Escolas e similares;Não informado;Reparos na EMEB Moisés Cândido Vieira;Não informado;Não informado;11/03/2019
Jandira;Concluída;Municipal;1.712.993,75;1.366.179,17;TEOREMA CONSTRUTORA EIRELI;01.988.564/0001-47;PREFEITURA MUNICIPAL DE JANDIRA;Mobilidade urbana - vias urbanas;Não informado;Execução de serviço de Recapeamento asfáltico Grupo 1 nas vias: Av. Leão de Juda, Rua Antonio Conselheiro, Rua Odorico Paraguassu, Rua Escrava Isaura, Rua Isabel Cristina, Rua Jose Aparecido de Melo e Rua Guarujá, Jandira/SP;Não informado;Não informado;26/12/2018
Jandira;Concluída;Municipal;1.388.972,48;1.015.702,60;TEOREMA CONSTRUTORA EIRELI;01.988.564/0001-47;PREFEITURA MUNICIPAL DE JANDIRA;Mobilidade urbana - vias urbanas;Não informado;Execução de serviço de Recapeamento asfáltico - Grupo 2 - nas vias: Rua Francisco de Barros Cobra, Rua Gabriela Ribeiro da Silva, Rua Imirim, Rua Alexandre Tomaz da Silva, Rua Jose Ribeiro, Rua Elvira Simone Donega, Rua Juvenal Marques Oliveira, Jandira/SP.;Não informado;Não informado;26/12/2018
José Bonifácio;Concluída;Municipal;226.346,03;174.245,98;CONSTRUTORA MOLINA JOSÉ BONIFÁCIO LTDA - EPP;03.067.125/0001-25;PREFEITURA MUNICIPAL DE JOSE BONIFACIO;Habitação;Não informado;Reforma de Galpão no Assentamento Augusto Boal no Município de José Bonifácio SP;Não informado;Não informado;20/10/2018
Jundiaí;Concluída;Municipal;498.400,00;212.578,65;VERDEBIANCO ENGENHARIA EIRELI;03.992.945/0001-25;PREFEITURA MUNICIPAL DE JUNDIAI;Mobilidade urbana - vias urbanas;Não informado;pavimentação (recape) e drenagem da Rua Congo, Jardim Bonfiglioli, |Jundiaí, SP;Não informado;Não informado;26/10/2018
Juquiá;Concluída;Municipal;1.184.554,42;1.233.305,48;LIMA SOARES ENGENHARIA LTDA;02.088.418/0001-28;PREFEITURA MUNICIPAL DE JUQUIA;Educação - Universidades, Faculdades, Escolas e similares;Não informado;Obra de Construção de Creche Escola no Bairro Estação no Município de Juquiá, já se encontra em fase de finalização, isto é, aguardando vistoria do FDE para recebimento da obra.  A Obra foi iniciada pela Empresa Lima Soares Engenharia no ano de 2014, e passou por aditivos para execução de fundação específica do local, ocasionando o atraso da obra. Em 2017 houve a necessidade de serviços complementares, onde foi contratada então a empresa DCA ENGENHARIA LTDA.;Não informado;Não informado;12/12/2013
Leme;Concluída;Municipal;816.599,91;608.634,65;COLETA CTMR LIMPEZA E CONSTRUÇÕES LTDA;17.468.456/0001-83;PREFEITURA MUNICIPAL DE LEME;Mobilidade urbana - vias urbanas;Não informado;TP N° 002/2016 - Execução de recuperação e pavimentação asfáltica em diversos locais do Município;Rua Cel Antonio Abade;https://www.google.com/maps/place/R.+Cel.+Ant%C3%B4nio+Abade+-+Centro,+Leme+-+SP/@-22.1815892,-47.3837908,17z/data=!3m1!4b1!4m5!3m4!1s0x94c80b8f8bd1968f:0xedb9d3a1c2ef0eb8!8m2!3d-22.1815892!4d-47.3816021;08/08/2016
Leme;Concluída;Municipal;190.841,36;73.187,82;ETHECHNIC CONSTRUTORA E SERVIÇOS LTDA EPP;15.169.331/0001-29;PREFEITURA MUNICIPAL DE LEME;Mobilidade urbana - vias urbanas;Não informado;TP nº 001/2016 - Fornecimento de mão de obra especializada, material e equipamentos para execução de calçamento (passeio) da Rua Arthur Ferreira, Jardim Quaglia;Rua Arthur Ferreira;https://www.google.com/maps/place/R.+Arthur+Ferreira+-+Jardim+Res.+Quaglia,+Leme+-+SP/@-22.1910788,-47.3532702,16.25z/data=!4m5!3m4!1s0x94c80c9289290cdb:0x9075c180db41a48c!8m2!3d-22.1917027!4d-47.3533656;03/06/2016
Lençóis Paulista;Concluída;Municipal;248.157,89;159.015,04;DALPINO TERRAPLENAGEM LTDA;56.694.763/0002-15;PREFEITURA MUNICIPAL DE LENCOIS PAULISTA;Mobilidade urbana - vias urbanas;Não informado;Recapeamento asfáltico de ruas do bairro Jardim Itamaraty;Não informado;Não informado;30/12/2018
Lençóis Paulista;Concluída;Municipal;231.592,17;231.592,17;G.R.D PROJETOS E CONSTRUÇÕES LTDA ME;13553331/0001-09;PREFEITURA MUNICIPAL DE LENCOIS PAULISTA;Equipamento urbanos (praças, quadras e similares);Não informado;Reforma e adequação de Campos de areia localizados em diversos bairros do município;Não informado;Não informado;29/09/2018
Limeira;Concluída;Municipal;819.179,31;354.099,72;R. MALUF ENGENHARIA E CONSTRUÇÕES LTDA;64.141.708/0001-45;PREFEITURA MUNICIPAL DE LIMEIRA;Educação - Universidades, Faculdades, Escolas e similares;Não informado;CONSTRUÇÃO DE QUADRA COBERTA COM VESTIÁRIO NA EMEIEF MARIA MADALENA VASCONCELOS;Não informado;Não informado;06/09/2018
Limeira;Concluída;Municipal;796.673,11;259.206,24;R. MALUF ENGENHARIA E CONSTRUÇÕES LTDA;64.141.708/0001-45;PREFEITURA MUNICIPAL DE LIMEIRA;Educação - Universidades, Faculdades, Escolas e similares;Não informado;CONSTRUÇÃO DE QUADRA COBERTA COM VESTIÁRIO NA EMEIEF MARIA THEREZA SILVEIRA DE BARROS CAMARGO;Não informado;Não informado;06/09/2018
Limeira;Concluída;Estadual;40.327,74;,00;AGILE CONSTRUTORA EIRELI;28.364.747/0001-48;FUNDACAO PARA O DESENVOLVIMENTO DA EDUCACAO - FDE;Educação - Universidades, Faculdades, Escolas e similares;Não informado;EE PROF ANTONIO DE QUEIROZ, Revisão da cabine primária.;Não informado;Não informado;08/12/2018
Limeira;Concluída;Municipal;399.085,81;285.172,41;DJR DE OLIVEIRA EIRELI ME;28.356.611/0001-96;PREFEITURA MUNICIPAL DE LIMEIRA;Educação - Universidades, Faculdades, Escolas e similares;Não informado;OBRAS NA CRECHE RESIDENCIAL VILLAGE - FNDE - PROINFANCIA B - MI;Não informado;Não informado;12/01/2019
Limeira;Concluída;Municipal;852.685,38;416.239,40;R. MALUF ENGENHARIA E CONSTRUÇÕES LTDA;64.141.708/0001-45;PREFEITURA MUNICIPAL DE LIMEIRA;Educação - Universidades, Faculdades, Escolas e similares;Não informado;CONSTRUÇÃO DE QUADRA COBERTA COM VESTIÁRIO NA EMEIEF ARACY NOGUEIRA GUIMARÃES;Não informado;Não informado;06/09/2018
Louveira;Concluída;Municipal;730.378,27;652.544,42;WAITMAN ENGENHARIA E CONSTRUÇÕES LTDA  - EPP;08.205.789/0001-29;PREFEITURA MUNICIPAL DE LOUVEIRA;Equipamento urbanos (praças, quadras e similares);Não informado;Ampliação de quadras, reconstrução parcial de muro e área administrativa no Cemitério de Louveira, sito a Estrada da Boiada, nº 346 - Vila Omizolo neste município.;Não informado;Não informado;28/09/2018
Louveira;Concluída;Municipal;158.583,04;112.165,23;WAITMAN ENGENHARIA E CONSTRUÇÕES LTDA  - EPP;08.205.789/0001-29;PREFEITURA MUNICIPAL DE LOUVEIRA;Equipamento urbanos (praças, quadras e similares);Não informado;Instalação de gradil na Área de Lazer do Trabalhador, sito a Rodovia Romildo Prado km 01 neste município.;Não informado;Não informado;09/06/2018
Marília;Concluída;Municipal;2.114.434,63;1.252.787,29;REPLAN SANEAMENTO E OBRAS LTDA;06.056.258/0001-96;PREFEITURA MUNICIPAL DE MARILIA;Abastecimento de água - Captação, Adução, Tratamento e similares;Não informado;Fornecimento de material e mão de obra para execução de tubos de pvc defofo, ferro fundido ductil e sistema de recalque de poço tubular profundo ao lado da barragem da Cascata (Poço PG-05), interligando o sistema de reservação R-06;Não informado;Não informado;23/12/2018
Marília;Concluída;Municipal;951.374,19;,00;REPLAN SANEAMENTO E OBRAS LTDA;06.056.258/0001-96;PREFEITURA MUNICIPAL DE MARILIA;Mobilidade urbana - vias urbanas;Não informado;FORNECIMENTO DE MATERIAL E MÃO DE OBRA PARA CONSTRUÇÃO DE REDE DE GALERIAS DE ÁGUAS PLUVIAIS NA RUA HEMITÉRIO GOMES FERNANDES / AVENIDA DAS ESMERALDAS;Não informado;Não informado;24/03/2019
Marília;Concluída;Estadual;170.490,49;64.886,50;FM KERBAUY RESENDE LTDA EPP;04.576.883/0001-33;FACULDADE DE FILOSOFIA E CIENCIAS - UNESP - CAMPUS DE MARILIA;Educação - Universidades, Faculdades, Escolas e similares;Não informado;Proc. 447/2018 - Reforço de Fundação e Reforma do Auditório do Campus II.;Não informado;Não informado;18/12/2018
Marília;Concluída;Estadual;240.095,93;21.455,92;FM KERBAUY RESENDE LTDA EPP;04.576.883/0001-33;FACULDADE DE FILOSOFIA E CIENCIAS - UNESP - CAMPUS DE MARILIA;Educação - Universidades, Faculdades, Escolas e similares;Não informado;854/2018 - ADEQUAÇÃO ACÚSTICA DAS SALAS DO CENTRO DE ESTUDOS DA EDUCAÇÃO E DA SAÚDE - CEES;Não informado;Não informado;17/01/2019
Marília;Concluída;Estadual;149.076,08;70.166,86;CAROLINA SPINOSA MOSSINI CONSTRUÇÕES - EPP;11.897.082/0001-35;FACULDADE DE FILOSOFIA E CIENCIAS - UNESP - CAMPUS DE MARILIA;Educação - Universidades, Faculdades, Escolas e similares;Não informado;Proc. 1063/2018 - OBTENÇÃO DO AVCB 2ª ETAPA;Não informado;Não informado;30/12/2018
Meridiano;Concluída;Estadual;122.058,82;120.889,11;LEVICON CONSTRUÇÕES LTDA - EPP ;11.352.766/0001-51;FUNDACAO PARA O DESENVOLVIMENTO DA EDUCACAO - FDE;Educação - Universidades, Faculdades, Escolas e similares;Não informado;EE/EMEF PEDRO BARROS, Reforma.;Não informado;Não informado;06/06/2018
Mineiros do Tietê;Concluída;Municipal;134.403,83;149.162,42;FADINI CONSTRUÇÕES LTDA - EPP;15.098.680/0001-03;PREFEITURA MUNICIPAL DE MINEIROS DO TIETE;Mobilidade urbana - vias urbanas;Não informado;Execução de Rede de Galeria à Avenida Biagio Lista;Não informado;Não informado;06/01/2019
Mineiros do Tietê;Concluída;Municipal;48.698,00;48.698,00;ELETRO RAIO JAU COMERCIO DE MATERIAIS ELÉTRICOS LTDA-ME;04.306.743/0001-45;PREFEITURA MUNICIPAL DE MINEIROS DO TIETE;Energia - distribuição (rede interna urbana e similares);Não informado;Execução de parte da rede eletrica do Distrito Industrial Ricardo Nagib Izar;Rua Abilio Aristides Tuschi;;27/05/2018
Mogi das Cruzes;Concluída;Estadual;42.600,72;37.541,54;PROJECEN CONSTRUÇÕES E COMÉRCIO LTDA - EPP;53.405.171/0001-67;FUNDACAO PARA O DESENVOLVIMENTO DA EDUCACAO - FDE;Educação - Universidades, Faculdades, Escolas e similares;Não informado;Nova entrada de energia.;Não informado;Não informado;30/10/2018
Mogi Guaçu;Concluída;Municipal;100.983,44;100.983,44;LUCATEC MANUTENÇÃO INDUSTRIAL LTDA. ME;26.471.651/0001-53;HOSPITAL MUNICIPAL DR TABAJARA RAMOS   - MOGI GUACU;Saúde (Hospitais, Postos de Saúde, UBS, CAPS e similares);Não informado;CONTRATAÇÃO DE EMPRESA ESPECIALIZADA NA PRESTAÇÃO DE SERVIÇO DE REFORMA E MODERNIZAÇÃO DE UM ELEVADOR TIPO MACA.;Não informado;Não informado;11/12/2018
Nova Odessa;Concluída;Municipal;678.227,64;647.196,64;A. C. CAMARGO CONSTRUÇÕES LTDA;05.924.068/0001-80;COMPANHIA DE DESENVOLVIMENTO DE NOVA ODESSA;Abastecimento de água - Captação, Adução, Tratamento e similares;Não informado;PROCESSAMENTO E DESIDRATAÇÃO DE LODO ORIUNDO DE ESTAÇÃO DE TRATAMENTO DE ÁGUA DE NOVA ODESSA;Não informado;Não informado;08/11/2018
Onda Verde;Concluída;Municipal;149.521,19;149.521,19;INCA CONSTRUÇÕES E PARTICIPAÇÕES EIRELI;17.176.037/0001-78;PREFEITURA MUNICIPAL DE ONDA VERDE;Saúde (Hospitais, Postos de Saúde, UBS, CAPS e similares);Não informado;REFORMA DO ESF DE ONDA VERDE.;Não informado;Não informado;16/06/2018
Oscar Bressane;Concluída;Municipal;257.812,05;304.218,22;WESLEY REINALDO CONTI-EPP;72.876.063/0001-17;PREFEITURA MUNICIPAL DE OSCAR BRESSANE;Equipamento urbanos (praças, quadras e similares);Não informado;Construção, por empreitada global, do prédio do Centro Cultural de Oscar Bressane;Não informado;Não informado;09/04/2016
Ourinhos;Concluída;Municipal;50,00;531.213,82;INSMONTEL INSTALAÇÕES E MONTAGENS ELETROMECANICAS LTDA EPP;10.677.985/0001-48;SUPERINTENDENCIA DE AGUA E ESGOTO DE OURINHOS - SAE - OURINHOS;Energia - transmissão (subestações e linhas de transmissão);Não informado;Instalação e montagem de uma subestação de Energia Elétrica completa de 750  kilowatts e principais sistema de automação e transferência de água.;Não informado;Não informado;27/06/2014
Pacaembu;Concluída;Municipal;182.500,00;156.392,22;JOSÉ PAULO DE ALMEIDA - ME;24.157.334/0001-31;PREFEITURA MUNICIPAL DE PACAEMBU;Saúde (Hospitais, Postos de Saúde, UBS, CAPS e similares);Não informado;Obra de ampliação do PSF do Bairro Guaraniana;AVENIDA PEDRO BASSAN;https://www.google.com.br/maps/place/PSF+do+Bairro+Guaraniuva/@-21.5615354,-51.2724546,19z/data=!3m1!4b1!4m13!1m7!3m6!1s0x9496b42023b02fa1:0x849cbc626e049a14!2sPacaembu,+SP,+17860-000!3b1!8m2!3d-21.563131!4d-51.2658432!3m4!1s0x9496b42313b8fc5b:0xe037b9dd001b374!8m2!3d-21.5615366!4d-51.2719074;30/06/2019
Pacaembu;Concluída;Municipal;86.100,00;87.443,82;JOSÉ PAULO DE ALMEIDA - ME;24.157.334/0001-31;PREFEITURA MUNICIPAL DE PACAEMBU;Rede de Drenagem de águas pluviais;Não informado;Execução de muro tipo gabião na saída de águas pluviais no Bairro Monte Líbano.;Rua Propércio Cavichiolli;https://www.google.com.br/maps/@-21.563872,-51.2565699,19z;09/04/2018
Palmital;Concluída;Municipal;275.872,41;95.337,07;EMR CONSTRUTORA EIRELI ME;18.916.042/0001-32;PREFEITURA MUNICIPAL DE PALMITAL;Equipamento urbanos (praças, quadras e similares);Não informado;Complementação de praça de esportes, construção de Pista de Skate. Obs: A obra está atrasada devido a morosidade das liberações dos recursos pelo Governo Federal, porém a mesma encontra-se em andamento para a conclusão dos serviços.;Não informado;Não informado;07/01/2017
Palmital;Concluída;Municipal;226.843,26;219.392,68;NOROMIX CONCRETO LTDA;10.558.895/0001-38;PREFEITURA MUNICIPAL DE PALMITAL;Mobilidade urbana - vias urbanas;Não informado;Recapeamento asfáltico em vias públicas.\nObs: O referido convênio encontra-se em atraso, por motivo de glosa pelo órgão gestor.;Não informado;Não informado;13/07/2017
Parapuã;Concluída;Municipal;596.447,58;452.080,58;MUNDIAL ENGENHARIA SANTA FE LTDA – EPP;71.852.586/0001-60;PREFEITURA MUNICIPAL DE PARAPUA;Educação - Universidades, Faculdades, Escolas e similares;Não informado;Contratação de empresa especializada na área de Construção Civil, por menor preço de empreitada global de material, mão de obra e equipamentos, para a CONCLUSÃO DA CONSTRUÇÃO DE PRÉDIO PÚBLICO – CRECHE, conforme Processo nº12347/2012, Informação nº 1772/2012, Programa: Convênio PAEM/Educação Infantil/2012, Código FDE: 12.01.469 e PI nº 2012/01718, firmado entre a Secretaria da Educação por intermédio da Fundação para o Desenvolvimento da Educação (FDE) e a Prefeitura Municipal de Parapuã, conforme Projetos Anexos e especificações técnicas.;Não informado;Não informado;17/04/2018
Parapuã;Concluída;Estadual;275.467,79;163.592,33;DEDRA COMÉRCIO E CONSTRUÇÕES LTDA ;04.088.379/0001-94;FUNDACAO PARA O DESENVOLVIMENTO DA EDUCACAO - FDE;Educação - Universidades, Faculdades, Escolas e similares;Não informado;EE PROFA MARIA HELENA BASSO ANTUNES, Reforma.;Não informado;Não informado;31/07/2018
Patrocínio Paulista;Concluída;Municipal;866.472,09;1.630.770,17;JJ ASSESSORIA E CONSTRUÇÕES EIRELLI EPP.;02.870.452/0001-50;PREFEITURA MUNICIPAL DE PATROCINIO PAULISTA;Educação - Universidades, Faculdades, Escolas e similares;Não informado;Execução de obras e serviços de engenharia com fornecimento de materiais, equipamentos e mão de obra destinados à construção de creche para 130 (cento e trinta) crianças, no bairro Ederval José Reis, em conformidade com as cláusulas estabelecidas no processo FDE nº 7724/2012-SE. Contrato Administrativo nº 174/2017.;Não informado;Não informado;28/12/2018
Penápolis;Concluída;Municipal;68.917,57;68.917,57;E. E. GOUVEA ENGENHARIA EIRELI EPP;23.786.513/0001-75;PREFEITURA MUNICIPAL DE PENAPOLIS;Energia - distribuição (rede interna urbana e similares);Não informado;Execução de iluminação de praças, conforme Tomada de Preços nº 08/2018 – Processo nº 94/2018.;Não informado;Não informado;04/02/2019
Penápolis;Concluída;Municipal;192.831,65;,00;VIAMARI ENGENHARIA E CONSTRUÇÕES EIRELI;15.472.488/0001-27;PREFEITURA MUNICIPAL DE PENAPOLIS;Mobilidade urbana - vias urbanas;Não informado;Execução e sinalização de 15 (quinze) faixas elevadas de pedestres conforme Tomada de Preços nº 09/2018 – Processo nº 100/2018.;Não informado;Não informado;03/01/2019
Penápolis;Concluída;Municipal;115.642,80;89.893,38;EMPRESA MUNICIPAL DE URBANIZAÇÃO DE PENÁPOLIS – EMURPE;51.101.939/0001-83;PREFEITURA MUNICIPAL DE PENAPOLIS;Saúde (Hospitais, Postos de Saúde, UBS, CAPS e similares);Não informado;Serviços de reforma de prédio para o Centro de Castração, em conformidade com o Termo de Ratificação nº 02/2018 – Processo nº 02/2018.;Não informado;Não informado;18/05/2018
Penápolis;Concluída;Municipal;1.893.465,97;1.197.600,93;VIAMARI ENGENHARIA E CONSTRUÇÕES EIRELI;15.472.488/0001-27;PREFEITURA MUNICIPAL DE PENAPOLIS;Mobilidade urbana - vias urbanas;Não informado;Execução de obras e serviços de infraestrutura urbana - recapeamento asfáltico e sinalização horizontal, conforme Concorrência Pública nº 03/2018 – Processo nº 65/2018.;Não informado;Não informado;26/09/2018
Piedade;Concluída;Municipal;826.682,24;524.292,90;CONSTRUTORA JULIO & JULIO LTDA;71.467.732/0001-34;PREFEITURA MUNICIPAL DE PIEDADE;Mobilidade urbana - vias urbanas;Não informado;Pavimentação  ( Travessa da Rua João Gonçalves - Bairro dos Moreiras) -  recapeamento (Av. Raimundo Nonato Leite, Praça da Bandeira e Rotatória Antonio Abdiel Tardelli,  Av. Antonio Correira da Silva, Rua Eugenio de Oliveira Leite, Av. Leonel Ribeiro de Paiva, Av. Eunice Rosa Godinho, Rua Chossako Nohama e Rua José Marum;Não informado;Não informado;16/03/2019
Piedade;Concluída;Municipal;339.114,53;258.919,58;OBRAGEN ENGENHARIA E CONSTRUCOES LTDA;01.817.838/0001-35;PREFEITURA MUNICIPAL DE PIEDADE;Mobilidade urbana - vias urbanas;Não informado;TRATA-SE DE UMA OBRA QUE CONTEMPLA O RECAPEAMENTO DE UMA RUA (NELSON DA SILVA) E A PAVIMENTAÇÃO DE OUTRA (BENEDITO AUGUSTO DE OLIVEIRA);Não informado;Não informado;11/09/2018
Piracicaba;Concluída;Estadual;1.295.962,92;627.180,76;FABECON ENGENHARIA E CONSTRUÇÃO CIVIL LTDA.;09.121.639/0001-08;PREFEITURA DO CAMPUS USP LUIZ DE QUEIROZ - PUSP;Educação - Universidades, Faculdades, Escolas e similares;Não informado;"Reforma da piscina da Seção de Práticas Esportivas da Prefeitura do Campus USP Luiz de Queiroz""  - PUSP-LQ da Universidade de São Paulo.""";Não informado;Não informado;30/04/2018
Pirapozinho;Concluída;Estadual;260.052,69;238.962,18;FERREIRA E PATRIOTA CONSTRUÇÕES LTDA-EPP ;01.064.300/0001-05;FUNDACAO PARA O DESENVOLVIMENTO DA EDUCACAO - FDE;Educação - Universidades, Faculdades, Escolas e similares;Não informado;EE LUCIA SILVA DE ASSUMPCAO, Reforma.;Não informado;Não informado;07/12/2018
Pirassununga;Concluída;Estadual;109.687,72;59.972,09;ANX CONSTRUTORA E COMÉRCIO LTDA - ME;08.740.070/0001-98;PREFEITURA DO CAMPUS USP DE PIRASSUNUNGA - PUSP;Educação - Universidades, Faculdades, Escolas e similares;Não informado;Execução de base para instalação de silo para armazenamento de grãos da fábrica de rações da PUSP-FC, com fornecimento de mão de obra e material, conforme memorial descritivo;Não informado;Não informado;21/11/2018
Pirassununga;Concluída;Estadual;211.068,85;,00;DRR CONSTRUÇÕES E COMÉRCIO LTDA;02.607.198/0001-00;PREFEITURA DO CAMPUS USP DE PIRASSUNUNGA - PUSP;Educação - Universidades, Faculdades, Escolas e similares;Não informado;Execução de vias de acesso ao Campus, compreendendo pavimentação e calçamento do entorno do Portal Novo, com fornecimento de mão de obra e material, conforme memorial descritivo.;Não informado;Não informado;04/03/2019
Pitangueiras;Concluída;Municipal;899.505,37;463.698,74;HP ENGENHARIA LTDA ME;03.565.065/0001-72;PREFEITURA MUNICIPAL DE PITANGUEIRAS;Mobilidade urbana - vias urbanas;Não informado;CONTRATAÇÃO DE EMPRESA, COM EMPREGO DE MATERIAL E MÃO DE OBRA, PARA REALIZAÇÃO DE RECAPEAMENTO EM DIVERSAS RUAS DO MUNICIPIO. Empresa Contratada: HP ENGENHARIA LTDA - ME - VALOR: R$899.505,37 A Gerencia Executiva de Governo da Caixa Economica Federal (GIGOV), demorou demasiado para emitir a Autorização de Inicio de Obras, em razão do período eleitoral e o cronograma de execução ficou comprometido.;Não informado;Não informado;25/01/2019
Pitangueiras;Concluída;Municipal;347.859,52;349.020,14;P & C ENGENHARIA LTDA;29.205.776/0001-20;PREFEITURA MUNICIPAL DE PITANGUEIRAS;Equipamento urbanos (praças, quadras e similares);Não informado;Construção de Portal de Entrada da Cidade - Empresa Contratada: P & C Engenharia Ltda - Valor R$ 347.859,52 Obra realizada em sua totalidade, porém aguardando liberação da Caixa Economica Federal (GIGOV) das medições finais, para efetiva quitação.;Não informado;Não informado;16/01/2019
Pongaí;Concluída;Municipal;323.715,92;280.173,17;BJB CONSTRUÇOES;11.942.286/0001-40;PREFEITURA MUNICIPAL DE PONGAI;Esgotamento sanitário - Rede coletora, estações de tratamento e similares;Não informado;CONSTRUÇÃO DE UM GALPÃO DE TRIAGEM;Não informado;Não informado;06/06/2017
Porto Ferreira;Concluída;Municipal;139.000,00;155.854,59;CONSTRUDEZ CONSTRUÇÃO CIVIL LTDA.;18.184.612/0001-47;PREFEITURA MUNICIPAL DE PORTO FERREIRA;Saúde (Hospitais, Postos de Saúde, UBS, CAPS e similares);Não informado;Execução de Serviço de Engenharia em Reforma do prédio que abriga a Secretaria de Saúde, localizado à Rua Dona Balbina, 923 - Centro (ETAPA 2) - CONTRATO Nº 112/2018 - CONVITE Nº 11/2018.  OBS: Em relação ao objeto licitado, cujo prazo de execução era de 60 Dias, iniciados a partir da Ordem de Serviço que foi assinada pela Contratada em 08/11/2018, a obra encontra-se atrasada, pois deveria ter sido concluída em 06/01/2019. No entanto, cumpre informar que houve Aditamento de Prazo, ficando o novo término para 21/02/2019, ou seja, o contrato encontra-se vigente.;Não informado;Não informado;06/01/2019
Porto Ferreira;Concluída;Municipal;269.231,43;254.303,92;TETO CONSTRUTORA S/A;13.034.156/0001-35;PREFEITURA MUNICIPAL DE PORTO FERREIRA;Equipamento urbanos (praças, quadras e similares);Não informado;Execução de Obras e Serviços de Engenharia para: Item 01 - Construção de Centro Comunitário no Jardim Centenário, na Avenida Marginal Armindo G. Torres, nº 865 - CONTRATO Nº 079/2017 - CONCORRÊNCIA PÚBLICA Nº 002/2017.  OBS: Em relação ao objeto licitado, cujo prazo de execução era de 180 Dias, iniciados a partir da Ordem de Serviço que foi assinada pela Contratada em 14/06/2018, a obra encontra-se atrasada, pois deveria ter sido concluída em 10/12/2018. No entanto, cumpre informar que houve Aditamento de Prazo, ficando o novo término para 10/04/2019, ou seja, o contrato encontra-se vigente.;Não informado;Não informado;10/12/2018
Potim;Concluída;Municipal;57.966,75;169.855,51;TEREZA C. DE JESUS - ME;19.272.799/0001-01;PREFEITURA MUNICIPAL DE POTIM;Saúde (Hospitais, Postos de Saúde, UBS, CAPS e similares);Não informado;Programa Requalifica UBS - Ampliação do PSF C . A obra está paralisada e encontrasse em fase de licitação. Após a segunda rescisão do contrato, foi solicitado uma nova licitação para a obra. A licitação ocorreu, porém foi fracassada. A Secretaria solicitou a reabertura do Processo para Nova Licitação e o processo está em tramitação. O Convênio está com a situação em cancelamento no SISMOB desde 10/01/2019. Estamos indo para Brasília para tentar reverter a situação,visto que falta pouco para a obra ser concluída.;Não informado;Não informado;07/05/2016
Presidente Prudente;Concluída;Municipal;32.134.631,38;34.624.750,12;CONSÓCIO MOBILIDADE PRUDENTE;21.398.376/0001-76;PREFEITURA MUNICIPAL DE PRESIDENTE PRUDENTE;Mobilidade urbana - Pontes, viadutos e similares;Não informado;Execução das obras de infraestrutura e mobilidade urbana;Avenida Coronel José Soares Marcondes;https://www.google.com/maps/place/Av.+Cel.+Jos%C3%A9+Soares+Marcondes+-+Centro,+Pres.+Prudente+-+SP,+19010-081/@-22.1216331,-51.3901261,691m/data=!3m2!1e3!4b1!4m5!3m4!1s0x9493f5b4a3ec2e01:0x38ebbfbb471c51f3!8m2!3d-22.1216381!4d-51.3879374;26/09/2015
Presidente Prudente;Concluída;Municipal;1.942.517,72;2.055.600,79;TUCANOS TERRAPLANAGEM E CONSTRUÇÕES LTDA;03.040.646/0001-90;PREFEITURA MUNICIPAL DE PRESIDENTE PRUDENTE;Equipamento urbanos (praças, quadras e similares);Não informado;Construção do Centro de Triagem e Reciclagem;Rua José Moisés Ferreira;https://www.google.com/maps/place/R.+Mariano+Arenales+Benito,+946+-+Distrito+Industrial,+Pres.+Prudente+-+SP,+19043-130/@-22.1609265,-51.373352,691m/data=!3m1!1e3!4m5!3m4!1s0x9493f539ae10c3d7:0xeca90440178ac185!8m2!3d-22.1603626!4d-51.3717212;15/10/2016
Queiroz;Concluída;Municipal;241.318,30;277.185,79;PAU A PIQUE CONSTRUÇÕES LTDA – ME;11.285.516/0001-46;PREFEITURA MUNICIPAL DE QUEIROZ;Saúde (Hospitais, Postos de Saúde, UBS, CAPS e similares);Não informado;contratação de empresa especializada em construção civil para reforma e ampliação do Centro de Especialidades no município de Queiroz, oriundos do Convênio nº 2688/2018 – Processo nº 001/0209/000272/2018, por intermédio da Fundo Estadual da Saúde – FUNDES-SEC.DA SAUDE e o Município de Queiroz,;Não informado;Não informado;28/11/2018
Rancharia;Concluída;Municipal;136.783,66;138.638,86;A.R. DA SILVA CONSTRUÇÕES - ME;13.381.128/0001-94;PREFEITURA MUNICIPAL DE RANCHARIA;Esgotamento sanitário - Rede coletora, estações de tratamento e similares;Não informado;Execução de obras de construção de cobertura metálica para unidade de transbordo - Rodovia RHR 020, bairro Castelândia.;Não informado;Não informado;09/01/2018
Regente Feijó;Concluída;Municipal;528.071,34;50.875,31;ENGENHARIA E COMERCIO BANDEIRANTES LTDA;59.598.029/0001-60;PREFEITURA MUNICIPAL DE REGENTE FEIJO;Mobilidade urbana - vias urbanas;Não informado;Contratação de empresa especializada para a realização de serviços de infra estrutura urbana, recapeamento asfáltico - CBUQ, em diversas rua e avenidas do município, distrito de Espigão e Patrimônio São Sebastião, com fornecimento de material e mão de obra. Recurso referente ao Convênio n 1180/2018, firmado entre a Secretaria de Planejamento e Gestão e o Município.  OBS: Até esta data não foi feito nenhum pagamento.;Não informado;Não informado;13/01/2019
Regente Feijó;Concluída;Municipal;745.341,35;706.639,57;ENGENHARIA E COMERCIO BANDEIRANTES LTDA;59.598.029/0001-60;PREFEITURA MUNICIPAL DE REGENTE FEIJO;Mobilidade urbana - vias urbanas;Não informado;Contratação de empresa especializada para a realização de serviços de infra estrutura urbana, recapeamento asfáltico CBUQ, nos bairros: Portal do Sol, Sumaré e Distrito de Espigão, com fornecimento de material e mão de obra. Recurso referente ao Contrato de Repasse OGU nº 830359/2016 - Operação 1030195-41/2016, firmado entre a Caixa Econômica Federal/Ministério das Cidades/Município.;Não informado;Não informado;29/05/2018
Regente Feijó;Concluída;Municipal;408.068,43;258.941,01;MGZ ENGENHARIA LTDA EPP;06.186.369/0001-17;PREFEITURA MUNICIPAL DE REGENTE FEIJO;Educação - Universidades, Faculdades, Escolas e similares;Não informado;Contratação de empresa especializada em Regime de empreitada global com fornecimento de material e mão de obra para construção da nova Cozinha Piloto do Município.;Não informado;Não informado;22/03/2019
Ribeira;Concluída;Estadual;165.415,47;99.205,80;AGILE CONSTRUTORA EIRELI;28.364.747/0001-48;FUNDACAO PARA O DESENVOLVIMENTO DA EDUCACAO - FDE;Educação - Universidades, Faculdades, Escolas e similares;Não informado;EE DIOGENES RIBEIRO DE LIMA, Reparos nos serviços de acessibilidade para atendimento ao MP.;Não informado;Não informado;10/10/2018
Ribeirão Corrente;Concluída;Municipal;248.350,99;49.693,14;CETENGE ENGENHARIA LTDA;25.674.417/0001-60;PREFEITURA MUNICIPAL DE RIBEIRAO CORRENTE;Mobilidade urbana - vias urbanas;Não informado;Foi executado guias e sarjetas, foi feito um aditivo de prazo para a finalização da obra até o dia 07/02/2019;Não informado;Não informado;25/01/2018
Ribeirão Corrente;Concluída;Municipal;98.782,20;19.998,11;L.R. REIS CONSTRUTORA LTDA;28.329.669/0001-40;PREFEITURA MUNICIPAL DE RIBEIRAO CORRENTE;Saúde (Hospitais, Postos de Saúde, UBS, CAPS e similares);Não informado;Aguardo liberação de recurso Federal do Ministério da Saúde.;Não informado;Não informado;18/10/2018
Ribeirão Corrente;Concluída;Municipal;956.160,19;929.923,55;TERRAPLANAGEM E PAVIMENTAÇÃO SÃO LUIZ LTDA - ME;08.680.039/0001-09;PREFEITURA MUNICIPAL DE RIBEIRAO CORRENTE;Mobilidade urbana - vias urbanas;Não informado;O obras se encontra em fase de finalização de contrato, já sendo executado 98 %.;Não informado;Não informado;15/04/2016
Ribeirão Corrente;Concluída;Municipal;57.621,32;22.150,35;L.R. REIS CONSTRUTORA LTDA;28.329.669/0001-46;PREFEITURA MUNICIPAL DE RIBEIRAO CORRENTE;Equipamento urbanos (praças, quadras e similares);Não informado;Aguardando dotação orçamentaria por conta da Prefeitura Municipal de Ribeirão Corrente;Não informado;Não informado;05/11/2018
Ribeirão Pires;Concluída;Estadual;349.174,15;198.537,59;NELY RODRIGUES CONSTR. CIVIS, COM. E PRESTAÇÃO DE SERV. LTDA;19.691.620/0010-3;FUNDACAO PARA O DESENVOLVIMENTO DA EDUCACAO - FDE;Educação - Universidades, Faculdades, Escolas e similares;Não informado;Reconstrução da cobertura/galpão e Reforma.;Não informado;Não informado;31/01/2019
Ribeirão Pires;Concluída;Municipal;734.434,53;772.899,67;COSTA LESTE CONSTRUTORA E SERVIÇOS LTDA;19.484.859/0001-41;PREFEITURA MUNICIPAL DE RIBEIRAO PIRES;Saúde (Hospitais, Postos de Saúde, UBS, CAPS e similares);Não informado;CONSTRUÇÃO DE UBS DO JARDIM VALENTINA;Não informado;Não informado;30/04/2019
Ribeirão Pires;Concluída;Estadual;68.103,58;65.368,67;LOPES KALIL ENGENHARIA E COMÉRCIO LTDA.;60.403.235/0001-56;FUNDACAO PARA O DESENVOLVIMENTO DA EDUCACAO - FDE;Educação - Universidades, Faculdades, Escolas e similares;Não informado;Substituição da entrada de energia, muro de divisa, sanitários de alunos, reparos em rachaduras da sala de aula e piso externo.;Não informado;Não informado;28/02/2019
Ribeirão Preto;Concluída;Estadual;71.355,23;71.330,02;CHIAPPA ENGENHARIA E CONSTRUÇÕES LTDA;02.306.703/0001-78;FACULDADE DE MEDICINA DE RIBEIRAO PRETO - FMRP - USP;Educação - Universidades, Faculdades, Escolas e similares;Não informado;Serviço de Adequação da garagem e da oficina da Seção de Serviços Gerais da FMRP-USP;Avenida dos Bandeirantes;https://www.google.com.br/maps/@-21.1634021,-47.8544616,135m/data=!3m1!1e3;26/10/2018
Ribeirão Preto;Concluída;Estadual;299.900,00;316.649,47;GRALL ENGENHARIA E CONSTRUÇÃO LTDA - ME;19.288.450/0001-50;FACULDADE DE MEDICINA DE RIBEIRAO PRETO - FMRP - USP;Educação - Universidades, Faculdades, Escolas e similares;Não informado;Reforma do Laboratório do Departamento de Pediatria e Puericultura - Bloco G - 1° pavimento - área 02;Não informado;Não informado;10/07/2018
Ribeirão Preto;Concluída;Estadual;1.294.118,37;122.717,60;FABIOLA DE JESUS CHEMELLO - ME;10.970.536/0001-49;SUPERINTENDENCIA DO ESPACO FISICO -  SEF - USP;Educação - Universidades, Faculdades, Escolas e similares;Não informado;Construção do 4º Bloco dos Edifícios da Saúde Mental da FMRP/USP;Não informado;Não informado;27/03/2018
Rio Claro;Concluída;Municipal;174.000,00;,00;BRAMER CONSTRUTORA E PAISAGISMO EIRELI EPP;23.610.910/0001-91;FUNDACAO MUNICIPAL DE SAUDE DE RIO CLARO;Saúde (Hospitais, Postos de Saúde, UBS, CAPS e similares);Não informado;Reforma da Unidade de Saúde da Família, bairro Palmeiras - Dr.Gilson Giovanni;Não informado;Não informado;05/12/2018
Rio das Pedras;Concluída;Municipal;395.390,19;334.007,87;MORÉ & SOARES CONSTRUÇÃO CIVIL LTDA;14.476.320/0001-27;PREFEITURA MUNICIPAL DE RIO DAS PEDRAS;Saúde (Hospitais, Postos de Saúde, UBS, CAPS e similares);Não informado;Construção do Centro de Convivência do Idoso;Não informado;Não informado;14/10/2016
Riolândia;Concluída;Estadual;180.420,30;174.956,32;GHM CONSTRUTORA EIRELI ;01.846.125/0001-08;FUNDACAO PARA O DESENVOLVIMENTO DA EDUCACAO - FDE;Educação - Universidades, Faculdades, Escolas e similares;Não informado;EE PROFA MARIA APARECIDA DOS SANTOS FRANCO, Manutenção de cobertura, instalações hidráulicas e elétricas e pintura.;Não informado;Não informado;07/01/2019
Rosana;Concluída;Estadual;82.549,37;65.394,96;DESTAK SERV MÚLTIPLA ENGENHARIA LTDA - EPP ;13.679.845/0001-05;FUNDACAO PARA O DESENVOLVIMENTO DA EDUCACAO - FDE;Educação - Universidades, Faculdades, Escolas e similares;Não informado;EE FRANCISCO PIERGENTILE, Reforma e adequação da cozinha.;Não informado;Não informado;15/06/2018
Rosana;Concluída;Estadual;48.957,23;37.925,37;DESTAK SERV MÚLTIPLA ENGENHARIA LTDA - EPP ;13.679.845/0001-05;FUNDACAO PARA O DESENVOLVIMENTO DA EDUCACAO - FDE;Educação - Universidades, Faculdades, Escolas e similares;Não informado;EE FRANCISCA MESSA GUTIERREZ, Reforma e adequação da cozinha.;Não informado;Não informado;15/06/2018
Sales Oliveira;Concluída;Municipal;238.653,33;122.119,00;CONSTRUSANTOS COMÉRCIO E CONSTRUÇÃO CIVIL LTDA;00.230.138/0001-87;PREFEITURA MUNICIPAL DE SALES OLIVEIRA;Equipamento urbanos (praças, quadras e similares);Não informado;Referida obra trata-se de uma cobertura metálica, composta por fundação em concreto armado, pilares metálicos, vigas de cobertura metálicas, estrutura de cobertura metálica, telhas metálicas, e piso de concreto.;Não informado;Não informado;28/08/2018
Salmourão;Concluída;Municipal;248.737,27;,00;CONSTRUTORA ROTOLI LTDA EPP;05.576.010/0001-93;PREFEITURA MUNICIPAL DE SALMOURAO;Saúde (Hospitais, Postos de Saúde, UBS, CAPS e similares);Não informado;CONSTRUÇÃO DE CENTRO DE CONVIVÊNCIA DO IDOSO.;Não informado;Não informado;07/11/2016
Santa Bárbara d'Oeste;Concluída;Municipal;2.125.781,75;2.124.320,17;COMIMPA COMÉRCIO, MINERAÇÃO E PAVIMENTAÇÃO EIRELI;49.395.742/0001-52;PREFEITURA MUNICIPAL DE SANTA BARBARA D OESTE;Mobilidade urbana - vias urbanas;Não informado;Pavimentação da Rua Sebastião Furlan e Entroncamentos;Não informado;Não informado;17/05/2017
Santa Bárbara d'Oeste;Concluída;Municipal;4.573.536,68;5.474.844,12;RECOMA CONSTRUÇÕES COMÉRCIO E INDÚSTRIA LTDA;51.212.340/0001-83;PREFEITURA MUNICIPAL DE SANTA BARBARA D OESTE;Equipamento urbanos (praças, quadras e similares);Não informado;Construção do C.I.E. - Centro de Iniciação ao Esporte;Não informado;Não informado;25/12/2015
Santa Cruz das Palmeiras;Concluída;Municipal;1.350.279,12;1.360.614,95;CONSTRUMETA CONSTRUÇÃO CIVIL LTDA;00.957.707/0001-90;PREFEITURA MUNICIPAL DE SANTA CRUZ DAS PALMEIRAS;Educação - Universidades, Faculdades, Escolas e similares;Não informado;CONSTRUÇÃO DE UMA CRECHE LOCALIZADA NO PARQUE VAROTTI;Não informado;Não informado;07/01/2018
Santa Cruz das Palmeiras;Concluída;Municipal;402.040,23;198.872,39;CONSTRUDEZ CONSTRUÇÃO CIVIL LTDA.;18.184.612/0001-47;PREFEITURA MUNICIPAL DE SANTA CRUZ DAS PALMEIRAS;Saúde (Hospitais, Postos de Saúde, UBS, CAPS e similares);Não informado;CONSTRUÇÃO DE UM POSTO DE SAÚDE LOCALIZADO NO CON JUNTO HABITACIONAL OLGA CALLEGARI BENTO;Não informado;Não informado;31/12/2017
Santa Gertrudes;Concluída;Municipal;799.500,00;542.878,71;WISDOM – CONSTRUTORA E MONTAGEM LTDA.;05.300.279/0001-42;PREFEITURA MUNICIPAL DE SANTA GERTRUDES;Saúde (Hospitais, Postos de Saúde, UBS, CAPS e similares);Não informado;Existe uma obra de construção de uma UBS no Jardim Indaia que está atrasada em relação ao cronograma inicial, porém foi feito prorrogação de prazo conforme pedido feito pela empresa executora, e atualmente está dentro do prazo da prorrogação feita.;Não informado;Não informado;01/07/2018
Santa Rosa de Viterbo;Concluída;Municipal;1.275.000,00;1.254.177,93;AGNALDO BELCHIOR VITTO - ME;66.169.889/0001-43;PREFEITURA MUNICIPAL DE SANTA ROSA DE VITERBO;Educação - Universidades, Faculdades, Escolas e similares;Não informado;Construção de uma creche CR 01 - No bairro Jardim Dom Bosco III, essa creche esta em fase final de construção com aproximadamente 98,40% das obras concluidas.;Não informado;Não informado;28/09/2017
Santo André;Concluída;Estadual;86.805,22;49.692,03;MATHESIS ENGENHARIA E CONSTRUÇÃO LIMITADA;03.302.648/0001-00;FUNDACAO PARA O DESENVOLVIMENTO DA EDUCACAO - FDE;Educação - Universidades, Faculdades, Escolas e similares;Não informado;Recomposição do Muro+Manejo arbóreo.;Não informado;Não informado;30/11/2018
Santos;Concluída;Municipal;302.637,50;,00;STARSAN CONSTRUTORA E LOCAÇÕES;15.650.081/0001-42;PREFEITURA MUNICIPAL DE SANTOS;Mobilidade urbana - vias urbanas;Não informado;Contratação de empresa para execução de obras de drenagem e desassoreamento do canal, passeios em concreto na Av. Brigadeiro Faria Lima - Jardim Castelo - Santo/SP, incluindo material, mão de obra e equipamento.;Av. Brigadeiro Faria Lima, Radio Clube;https://www.google.com/maps/place/Av.+Brg.+Faria+Lima,+836+-+Radio+Clube,+Santos+-+SP,+11088-300/@-23.941166,-46.3924336,17z/data=!4m5!3m4!1s0x94ce1b6dbcca4203:0xbeb5c4d98420618!8m2!3d-23.9411709!4d-46.3902449;04/02/2019
Santos;Concluída;Estadual;1.135.073,07;1.602.001,52;SPALLA ENGENHARIA EIRELI;05.663.207/0001-17;SUPERINTENDENCIA DO ESPACO FISICO -  SEF - USP;Educação - Universidades, Faculdades, Escolas e similares;Não informado;Reforma e conservação da cobertura e fachadas do edifício Cesário Bastos da Poli/Santos.;Não informado;Não informado;28/11/2018
São Bernardo do Campo;Concluída;Municipal;2.259.835,61;703.557,74;FLASA ENGENHARIA E CONSTRUÇÕES LTDA ;49.252.885/0001-05;PREFEITURA MUNICIPAL DE SAO BERNARDO DO CAMPO;Saúde (Hospitais, Postos de Saúde, UBS, CAPS e similares);Não informado;Execução das Obras Civis de Construção do CAPS Farina.;Não informado;Não informado;16/03/2017
São João do Pau d'Alho;Concluída;Municipal;357.834,75;357.436,00;ADAMI & MARQUES LTDA;12.796.073/0001-10;PREFEITURA MUNICIPAL DE SAO JOAO DO PAU D ALHO;Saúde (Hospitais, Postos de Saúde, UBS, CAPS e similares);Não informado;CONSTRUÇÃO DO CENTRO DE CONVIVÊNCIA DO IDOSO;Não informado;Não informado;21/11/2017
São José do Rio Pardo;Concluída;Municipal;234.382,99;80.152,72;PAVIDEZ ENGENHARIA LTDA;01.744.153/0001-06;PREFEITURA MUNICIPAL DE SAO JOSE DO RIO PARDO;Mobilidade urbana - vias urbanas;Não informado;RECAPEAMENTO DE RUAS NOS BAIRROS DA CIDADE DE SÃO JOSÉ DO RIO PARDO (AV. WALDEMAR POGGIO);Não informado;Não informado;04/09/2018
São José do Rio Pardo;Concluída;Municipal;128.722,00;,00;PAVIDEZ ENGENHARIA LTDA;01.744.153/0001-06;PREFEITURA MUNICIPAL DE SAO JOSE DO RIO PARDO;Mobilidade urbana - vias urbanas;Não informado;RECAPEAMENTO DA RUA FRANCISCO RUEDA NO BAIRRO VILA VERDE;Não informado;Não informado;10/08/2018
São José do Rio Pardo;Concluída;Municipal;384.102,00;185.359,31;PAVIDEZ ENGENHARIA LTDA;01.744.153/0001-06;PREFEITURA MUNICIPAL DE SAO JOSE DO RIO PARDO;Mobilidade urbana - vias urbanas;Não informado;RECAPEAMENTO DA R. SÃO CRISTOVÃO/ R. DR. HEITOR DA GAMA CORREIA/ R. DIVINOLÂNDIA/ R. DOS PAULISTAS/ R. DOM PEDRO II;Não informado;Não informado;25/08/2018
São Luís do Paraitinga;Concluída;Municipal;549.149,88;547.492,69;JUST ENGENHARIA LTDA;15.054.221/0001-10;PREFEITURA MUNICIPAL DE SAO LUIZ DO PARAITINGA;Equipamento urbanos (praças, quadras e similares);Não informado;CONSTRUÇÃO DE TRÊS PORTAIS TURÍSTICOS;Não informado;Não informado;05/09/2015
São Paulo;Concluída;Estadual;53.000,00;53.000,00;EMR CONSTRUÇÕES E INSTALAÇÕES INDUSTRIAIS LTDA EPP;05.527.770/0001-00;FUNDACAO BUTANTAN;Saúde (Hospitais, Postos de Saúde, UBS, CAPS e similares);Não informado;Obra de adequação do poço para instalação de elevados de passageiro;Não informado;Não informado;11/10/2017
São Paulo;Concluída;Estadual;1.286.739,37;1.054.977,98;JB CONSTRUÇÕES E EMPREENDIMENTOS EIRELI;00.688.529/0001-40;FUNDACAO PARA O DESENVOLVIMENTO DA EDUCACAO - FDE;Educação - Universidades, Faculdades, Escolas e similares;Não informado;Acessibilidade  Combate a incêndio  Pára-raios (SPDA).;Não informado;Não informado;31/01/2019
São Paulo;Concluída;Estadual;2.581.327,12;3.454.645,98;RAC ENGENHARIA S/A;04.392.190/0001-90;FUNDACAO BUTANTAN;Saúde (Hospitais, Postos de Saúde, UBS, CAPS e similares);Não informado;Reforma para adequação ao novo layout de arquitetura, civil, elétrica, automação e HVAC - Banco Influenza P32;Não informado;Não informado;27/08/2018
São Paulo;Concluída;Estadual;149.625,59;115.418,28;ASS. COMUNIT. E BENEF. DO JD. SANTA ADÉLIA;02.669.498/0001-05;COMPANHIA DE DESENVOLVIMENTO HABITACIONAL E URBANO DO ESTADO DE SAO PAULO - CDHU;Habitação;Não informado;Execução de pintura interna de 148 unidades habitacionais, em regime de mutirão.;Não informado;Não informado;29/09/2020
São Paulo;Concluída;Estadual;390.431,29;351.586,31;SPALLA ENGENHARIA EIRELI;05.633.207/0001-17;SUPERINTENDENCIA DO ESPACO FISICO -  SEF - USP;Educação - Universidades, Faculdades, Escolas e similares;Não informado;Reforma de pintura e consolidação das sedes provisórias do Museu Paulista da USP.;Não informado;Não informado;16/07/2018
São Paulo;Concluída;Estadual;1.122.417,83;1.178.735,55;SOLUÇÕES CANTEIRO CONSTRUÇÃO CIVIL LTDA ME;10.014.966/0001-31;FUNDACAO BUTANTAN;Saúde (Hospitais, Postos de Saúde, UBS, CAPS e similares);Não informado;Fornecimento de materiais e mão de obra para a reforma de cobertura e sistema de captação de águas pluviais dos edifícios do Museu Biológico, Prédio Vital Brasil e Prédio Novo;Não informado;Não informado;14/08/2018
São Paulo;Concluída;Estadual;9.350.000,00;3.607.040,75;M&S CONSTRUÇÕES E ENGENHARIA LTDA.;61.374.492/0001-70;FUNDACAO FACULDADE DE MEDICINA - FFM - USP;Outros;Não informado;ADEQ 24 SALAS CIRÚRGICAS CENTRO CIRÚRGICO PAMB/ICHC HCFMUSP - AV. DR. ENÉAS CARVALHO DE AGUIAR, 155;AV. DR. ENÉAS CARVALHO DE AGUIAR;;03/07/2016
São Paulo;Concluída;Estadual;198.837,82;138.781,52;TECSEL CONSTRUÇÕES E COMÉRCIO LTDA.;00.143.272/0001-40;FUNDACAO PARA O DESENVOLVIMENTO DA EDUCACAO - FDE;Educação - Universidades, Faculdades, Escolas e similares;Não informado;Reforma do muro de divisa+manejo arbóreo.;Não informado;Não informado;10/01/2019
São Paulo;Concluída;Estadual;12.318.056,50;11.247.156,09;M&S CONSTRUÇÕES E ENGENHARIA LTDA.;61.374.492/0001-70;HOSPITAL DAS CLINICAS DA FACULDADE DE MEDICINA DA UNIVERSIDADE DE SAO PAULO - HCFMUSP;Saúde (Hospitais, Postos de Saúde, UBS, CAPS e similares);Não informado;Revitalização das Áreas Comuns do Prédio dos Ambulatórios - RETROFIT - PAMB;Não informado;Não informado;15/04/2014
São Paulo;Concluída;Estadual;66.882,56;20.729,03;CONSTRUTORA EDENGE - EIRELI;00.682.913/0001-35;FUNDACAO PARA O DESENVOLVIMENTO DA EDUCACAO - FDE;Educação - Universidades, Faculdades, Escolas e similares;Não informado;"Reparos nas instalações elétricas, hidráulicas da caix dágua e reparos de caixilho e vidros em geral - Lista Congresso UMES""";Não informado;Não informado;17/12/2018
São Paulo;Concluída;Estadual;164.275,55;122.787,98;FORTNORT DESENVOLVIMENTO AMBIENTAL E URBANO EIRELI;00.900.846/0001-88;FUNDACAO PARA O DESENVOLVIMENTO DA EDUCACAO - FDE;Educação - Universidades, Faculdades, Escolas e similares;Não informado;Reforma na rede elétrica e reservatório;Não informado;Não informado;31/01/2019
São Paulo;Concluída;Estadual;28.531,36;22.083,55;J.M. BARBARÁ ENGENHARIA LTDA;55.849.095/0001-04;FUNDACAO PARA O DESENVOLVIMENTO DA EDUCACAO - FDE;Educação - Universidades, Faculdades, Escolas e similares;Não informado;Revisão de cobertura e forro.;Não informado;Não informado;30/12/2018
São Paulo;Concluída;Estadual;14.691.720,63;16.628.254,68;CONSTRUTORA MOLLINARI LTDA.;05.946.179/0001-98;SUPERINTENDENCIA DO ESPACO FISICO -  SEF - USP;Educação - Universidades, Faculdades, Escolas e similares;Não informado;Complementação da reforma do Anfiteatro Camargo Guarnieri da PRCEU/USP;Não informado;Não informado;25/06/2017
São Paulo;Concluída;Estadual;335.238,16;385.725,93;FABECON ENGENHARIA E CONSTRUÇÃO CIVIL LTDA.;09.121.639/0001-08;SUPERINTENDENCIA DO ESPACO FISICO -  SEF - USP;Educação - Universidades, Faculdades, Escolas e similares;Não informado;Ampliação do Edifício de Anatomia para recebimento e preparação de cadáveres do ICB/USP.;Não informado;Não informado;10/06/2018
São Paulo;Concluída;Estadual;198.937,54;95.432,18;WLB ENGENHARIA E CONSTRUÇÕES LTDA;22.341.129/0001-04;FUNDACAO PARA O DESENVOLVIMENTO DA EDUCACAO - FDE;Educação - Universidades, Faculdades, Escolas e similares;Não informado;Muro de fechamento, drenagem e contenções.;Não informado;Não informado;31/01/2019
São Paulo;Concluída;Estadual;51.442,34;,00;OURO PRETO ENGENHARIA E CONSTRUÇÃO EIRELI - EPP;24.806.660/0001-22;FUNDACAO PARA O DESENVOLVIMENTO DA EDUCACAO - FDE;Educação - Universidades, Faculdades, Escolas e similares;Não informado;Demolição e execução de nova parede devido a trincas de movimentação, reparos no piso, elétrica e pintura.;Não informado;Não informado;14/01/2019
São Paulo;Concluída;Estadual;817.338,29;1.181.878,65;VEDOS ARQUITETURA, CONSTRUÇÕES E EMPREENDIMENTOS LTDA.;50.683.671/0001-72;SUPERINTENDENCIA DO ESPACO FISICO -  SEF - USP;Educação - Universidades, Faculdades, Escolas e similares;04/04/2018;Execução dos serviços de reforma da marquise entre os Blocos 13 e 18 (demolição), adequação do piso (eixos 1 a 21) e reforma dos acessos dos Blocos 18 a 13B, da Faculdade de Ciências Farmacêuticas da USP.;Não informado;Não informado;09/12/2016
São Paulo;Concluída;Estadual;14.943.878,07;14.486.236,46;SIMETRICA ENGENHARIA LTDA;57.510.596/0001-97;FUNDACAO BUTANTAN;Saúde (Hospitais, Postos de Saúde, UBS, CAPS e similares);Não informado;Obra e Serviço de adequação ao novo layout de arquitetura, civil, elétrica, SPCI, HVAC do Centro Administrativo -Prédio 81.;Não informado;Não informado;22/07/2018
São Paulo;Concluída;Estadual;387.000,00;540.092,00;MAZZER ENGENHARIA ARQUITETURA PLANEJAMENTO E CONSTRUÇÃO EIRELI ME;21.718.781/0001-24;FUNDACAO BUTANTAN;Saúde (Hospitais, Postos de Saúde, UBS, CAPS e similares);Não informado;Reforma para adequação da infraestrutura do Laboratório de Farmacologia - Prédio 107;Não informado;Não informado;18/12/2018
São Paulo;Concluída;Estadual;14.798.104,67;20.958.127,42;RODOSERV ENGENHARIA LTDA.;15.108.349/0001-19;FUNDACAO BUTANTAN;Saúde (Hospitais, Postos de Saúde, UBS, CAPS e similares);Não informado;Reforma e adequação do Prédio 59 - Arquitetura, civil, infra, hidráulica predial, hidráulica industrial, elétrica, automação, HVAC, telecom, e SPCI;Não informado;Não informado;30/08/2018
São Pedro;Concluída;Estadual;34.256,82;,00;AGILE CONSTRUTORA EIRELI;28.364.747/0001-48;FUNDACAO PARA O DESENVOLVIMENTO DA EDUCACAO - FDE;Educação - Universidades, Faculdades, Escolas e similares;Não informado;EE AROLDO DONIZETTI LEITE, Renovação de A.V.C.B;Não informado;Não informado;31/01/2019
São Sebastião da Grama;Concluída;Municipal;95.021,44;76.990,82;TJ CONSTRUÇÕES E TERRAPLANAGEM EIRELLI - ME;22.114.236/0001-91;PREFEITURA MUNICIPAL DE SAO SEBASTIAO DA GRAMA;Equipamento urbanos (praças, quadras e similares);Não informado;Construção de uma área de laser no centro da cidade, que contempla construção de calçadas, abertura de uma rua com serviços de pavimentação e drenagem, construção de 2 lagoas, construção de uma ciclovia no entorno da área e iluminação. São 4 convênios que se complementam entre si. Convenio 505/2012  - Execução de lagoa e plantio de grama.;Não informado;Não informado;06/10/2018
São Sebastião da Grama;Concluída;Municipal;247.203,91;103.413,82;TJ CONSTRUÇÕES E TERRAPLANAGEM EIRELLI - ME;22.114.236/0001-91;PREFEITURA MUNICIPAL DE SAO SEBASTIAO DA GRAMA;Equipamento urbanos (praças, quadras e similares);Não informado;Construção de uma área de laser no centro da cidade, que contempla construção de calçadas, abertura de uma rua com serviços de pavimentação e drenagem, construção de 2 lagoas, construção de uma ciclovia no entorno da área e iluminação. Está divida em 4 convênios, que se complementam entre si. Convenio 395/2012 - Construção de calçadas, execução de serviços de drenagem e guias.;Não informado;Não informado;06/10/2018
São Sebastião da Grama;Concluída;Municipal;171.085,93;116.383,96;TJ CONSTRUÇÕES E TERRAPLANAGEM EIRELLI - ME;22.114.236/0001-91;PREFEITURA MUNICIPAL DE SAO SEBASTIAO DA GRAMA;Equipamento urbanos (praças, quadras e similares);Não informado;Construção de uma área de laser no centro da cidade, que contempla construção de calçadas, abertura de uma rua com serviços de pavimentação e drenagem, construção de 2 lagoas, construção de uma ciclovia no entorno da área e iluminação. São 4 convênios que se complementam entre si. Convenio 396/2012 - Serviços de pavimentação, calçadas, drenagem e iluminação.;Não informado;Não informado;06/10/2018
São Sebastião da Grama;Concluída;Municipal;276.201,51;133.519,46;TJ CONSTRUÇÕES E TERRAPLANAGEM EIRELLI - ME;22.114.236/0001-91;PREFEITURA MUNICIPAL DE SAO SEBASTIAO DA GRAMA;Equipamento urbanos (praças, quadras e similares);Não informado;Construção de uma área de laser no centro da cidade, que contempla construção de calçadas, abertura de uma rua com serviços de pavimentação e drenagem, construção de 2 lagoas, construção de uma ciclovia no entorno da área e iluminação. São 4 convenios que se complementam. Convenio 996/2012 - Pavimentação para ciclovia, paisagismo e iluminação.;Não informado;Não informado;06/10/2018
Sertãozinho;Concluída;Municipal;429.605,58;477.618,39;ASSERTIVA COMÉRCIO E SERVIÇOS LTDA;18.856.742/0001-89;PREFEITURA MUNICIPAL DE SERTAOZINHO;Equipamento urbanos (praças, quadras e similares);Não informado;Reforma e instalação do sistema de aquecimento e filtragem na piscina do centro esportivo Mogiana.;Não informado;Não informado;21/09/2018
Sertãozinho;Concluída;Municipal;4.983.186,67;4.680.319,69;DGB ENGENHARIA E CONSTRUÇÕES LTDA;61.608.477/0001-49;PREFEITURA MUNICIPAL DE SERTAOZINHO;Mobilidade urbana - vias urbanas;Não informado;Recapeamento Asfáltico de vias públicas do município, com aplicação de 2,5 cm de CBUQ em ruas e 3,0 cm de CBUQ em avenidas.;Não informado;Não informado;19/10/2018
Sertãozinho;Concluída;Municipal;767.147,27;857.198,04;LAMG SERVIÇOS E CONSTRUÇÕES LTDA;01.592.654/0001-14;PREFEITURA MUNICIPAL DE SERTAOZINHO;Saúde (Hospitais, Postos de Saúde, UBS, CAPS e similares);Não informado;Ampliação e reforma geral da UBS Francisco Xavier de Carvalho com adequação de consultórios, recepção, pintura, esquadrias e construção de novos consultórios, recepção, salas odontológicas, farmácia, sanitários e estacionamento interno.;Não informado;Não informado;20/08/2018
Sertãozinho;Concluída;Municipal;247.397,80;297.451,42;CLOPCONS CONSTRUÇÕES E SERVIÇOS LTDA ME;14.897.266/0001-93;PREFEITURA MUNICIPAL DE SERTAOZINHO;Saúde (Hospitais, Postos de Saúde, UBS, CAPS e similares);Não informado;"Reforma da UBS Dr. Edgard Silveira Pagnano"" - Distrito de Cruz das Posses - com adequação de salas, troca de pisos e revestimentos, adequações elétricas, hidráulicas e pintura em geral.""";Não informado;Não informado;11/11/2018
Socorro;Concluída;Municipal;143.293,47;143.293,47;CONSTRUTORA J.G. LTDA ME;26.239.451/0001-70;PREFEITURA MUNICIPAL DE SOCORRO;Equipamento urbanos (praças, quadras e similares);Não informado;Construção de Portais no Roteiro Turístico de Socorro 2º etapa, Caminho Turístico da Pedra da Bela Vista e Serrote;Não informado;Não informado;24/10/2018
Tambaú;Concluída;Municipal;630.300,52;706.700,52;LOPES E PÉCORA CONSTRUÇÕES, TERRAPLENAGEM E PAVIMENTAÇÃO LTDA;01.139.357/0001-18;PREFEITURA MUNICIPAL DE TAMBAU;Mobilidade urbana - vias urbanas;Não informado;Recapeamento asfáltico em vias urbanas do município de Tambaú;Não informado;Não informado;05/09/2018
Taquarituba;Concluída;Municipal;171.434,94;171.434,94;RICARDO TORTORELLA PAVIMENTAÇÃO EPP;65.016.149/0001-04;PREFEITURA MUNICIPAL DE TAQUARITUBA;Mobilidade urbana - vias urbanas;Não informado;Execução de obras de infraestrutura em via do Município de Taquarituba, no Bairro dos Aleixos, em concreto betuminoso Usinado a Quente (CBUQ), com espessura final de 4,0 cm, Convênio nº 104/2017 – Casa Civil/Subsecretaria de Relacionamento com Municípios e documentação do Departamento de Engenharia.;Não informado;Não informado;07/11/2018
Três Fronteiras;Concluída;Municipal;156.211,76;156.211,76;TRANSPORTES E CONSTRUTORA OLIVEIRA LTDA. - ME;16.939.307/0001-16;PREFEITURA MUNICIPAL DE TRES FRONTEIRAS;Saúde (Hospitais, Postos de Saúde, UBS, CAPS e similares);Não informado;REFORMA GERAL NO PRÉDIO DA UBS DO MUNICÍPIO;Não informado;Não informado;05/10/2018
Uru;Concluída;Estadual;115.560,00;54.793,39;DEDRA COMÉRCIO E CONSTRUÇÕES LTDA ;04.088.379/0001-94;FUNDACAO PARA O DESENVOLVIMENTO DA EDUCACAO - FDE;Educação - Universidades, Faculdades, Escolas e similares;Não informado;EE PASCHOAL FLAMINO, Reforma: Ginasio de Esporte, Muro divisa e Vestiário.;Não informado;Não informado;31/10/2018
Votuporanga;Concluída;Municipal;177.151,84;94.583,34;CARVALHO E GARCIA CONSTRUÇÃO EMPREENDIMENTOS LTDA. - EPP;10.693.251/0001-52;SUPERINTENDENCIA DE AGUA ESGOTOS E MEIO AMBIENTE DE VOTUPORANGA - SAEV AMBIENTAL ;Esgotamento sanitário - Rede coletora, estações de tratamento e similares;Não informado;CONSTRUÇÃO DE GALERIAS DE ÁGUAS PLUVIAIS NA RODOVIA VICINAL ÂNGELO COMMAR. SAEV AMBIENTAL CONTRATO 32/2018;Não informado;Não informado;14/03/2019
